code,date,open,high,low,close,volume
000660.KS,2026-03-23,952000.0,963000.0,927000.0,933000.0,3911813.0
000660.KS,2026-03-24,993000.0,994000.0,938000.0,986000.0,4352152.0
000660.KS,2026-03-25,1016000.0,1042000.0,988000.0,995000.0,4463869.0
000660.KS,2026-03-26,965000.0,973000.0,931000.0,933000.0,4660620.0
000660.KS,2026-03-27,890000.0,934000.0,880000.0,933000.0,4520942.0
000660.KS,2026-03-30,867000.0,884000.0,862000.0,873000.0,4498502.0
000660.KS,2026-03-31,817000.0,852000.0,806000.0,807000.0,7194351.0
000660.KS,2026-04-01,884000.0,905000.0,858000.0,897000.0,6255058.0
000660.KS,2026-04-02,912000.0,914000.0,818000.0,830000.0,6127534.0
000660.KS,2026-04-03,867000.0,886000.0,860000.0,876000.0,2927164.0
000660.KS,2026-04-06,877000.0,901500.0,869000.0,886000.0,3100989.0
000660.KS,2026-04-07,917000.0,933000.0,888000.0,916000.0,3619929.0
000660.KS,2026-04-08,1007000.0,1056000.0,992000.0,1033000.0,6709356.0
000660.KS,2026-04-09,1015000.0,1025000.0,990000.0,998000.0,5026817.0
000660.KS,2026-04-10,1030000.0,1042000.0,1024000.0,1027000.0,3134921.0
000660.KS,2026-04-13,999000.0,1043000.0,996000.0,1040000.0,2769753.0
000660.KS,2026-04-14,1092000.0,1128000.0,1078000.0,1103000.0,4754545.0
000660.KS,2026-04-15,1165000.0,1173000.0,1130000.0,1136000.0,4093703.0
000660.KS,2026-04-16,1141000.0,1161000.0,1130000.0,1155000.0,2901319.0
000660.KS,2026-04-17,1149000.0,1155000.0,1121000.0,1128000.0,3578235.0
000660.KS,2026-04-20,1148000.0,1175000.0,1141000.0,1166000.0,3748014.0
000660.KS,2026-04-21,1196000.0,1228000.0,1193000.0,1224000.0,3516960.0
000660.KS,2026-04-22,1227000.0,1233000.0,1195000.0,1223000.0,2894919.0
000660.KS,2026-04-23,1220000.0,1267000.0,1183000.0,1225000.0,5343871.0
000660.KS,2026-04-24,1237000.0,1242000.0,1193000.0,1222000.0,3127857.0
000660.KS,2026-04-27,1253000.0,1317000.0,1249000.0,1292000.0,4563073.0
000660.KS,2026-04-28,1313000.0,1328000.0,1296000.0,1300000.0,3002713.0
000660.KS,2026-04-29,1284000.0,1317000.0,1281000.0,1293000.0,3001208.0
000660.KS,2026-04-30,1312000.0,1325000.0,1286000.0,1286000.0,3342342.0
000660.KS,2026-05-04,1339000.0,1450000.0,1333000.0,1447000.0,5776641.0
000660.KS,2026-05-06,1590000.0,1614000.0,1557000.0,1601000.0,6631934.0
000660.KS,2026-05-07,1622000.0,1665000.0,1567000.0,1654000.0,5860618.0
000660.KS,2026-05-08,1591000.0,1689000.0,1591000.0,1686000.0,4278087.0
000660.KS,2026-05-11,1833000.0,1949000.0,1826000.0,1880000.0,7433039.0
000660.KS,2026-05-12,1944000.0,1967000.0,1804000.0,1835000.0,9160593.0
000660.KS,2026-05-13,1781000.0,1990000.0,1781000.0,1976000.0,7126921.0
000660.KS,2026-05-14,1976000.0,1994000.0,1937000.0,1970000.0,6040068.0
000660.KS,2026-05-15,1950000.0,1995000.0,1789000.0,1819000.0,7485233.0
000660.KS,2026-05-18,1780000.0,1897000.0,1731000.0,1840000.0,6481608.0
000660.KS,2026-05-19,1791000.0,1823000.0,1740000.0,1745000.0,4575855.0
000660.KS,2026-05-20,1743000.0,1778000.0,1690000.0,1745000.0,5535123.0
000660.KS,2026-05-21,1801000.0,1954000.0,1796000.0,1940000.0,5096690.0
000660.KS,2026-05-22,1942000.0,1952000.0,1912000.0,1941000.0,3135190.0
000660.KS,2026-05-26,2008000.0,2087000.0,2006000.0,2052000.0,4903591.0
000660.KS,2026-05-27,2279000.0,2358000.0,2200000.0,2243000.0,7545783.0
000660.KS,2026-05-28,2189000.0,2305000.0,2151000.0,2289000.0,6229499.0
000660.KS,2026-05-29,2352000.0,2379000.0,2290500.0,2333000.0,8518013.0
000660.KS,2026-06-01,2299000.0,2398000.0,2296000.0,2363000.0,5602897.0
000660.KS,2026-06-02,2376000.0,2407000.0,2259000.0,2360000.0,5837216.0
000660.KS,2026-06-04,2284000.0,2327000.0,2262000.0,2298000.0,3941067.0
000660.KS,2026-06-05,2142000.0,2188000.0,2070000.0,2070000.0,5778751.0
000660.KS,2026-06-08,1856000.0,2072000.0,1855000.0,1911000.0,6610833.0
000660.KS,2026-06-09,2050000.0,2226000.0,1998000.0,2215000.0,5878039.0
000660.KS,2026-06-10,2137000.0,2180000.0,1992000.0,2048000.0,151.0
000660.KS,2026-06-11,1975000.0,2163000.0,1960000.0,2101000.0,6625775.0
000660.KS,2026-06-12,2281000.0,2304000.0,2150000.0,2150000.0,5286416.0
000660.KS,2026-06-15,2283000.0,2322000.0,2265000.0,2288000.0,3872910.0
000660.KS,2026-06-16,2381000.0,2400000.0,2286000.0,2382000.0,3644469.0
000660.KS,2026-06-17,2335000.0,2523000.0,2334000.0,2521000.0,3980010.0
000660.KS,2026-06-18,2556000.0,2738000.0,2556000.0,2685000.0,5808765.0
000660.KS,2026-06-19,2824000.0,2891000.0,2688000.0,2764000.0,7478195.0
000660.KS,2026-06-22,2728000.0,2945000.0,2728000.0,2919000.0,5179795.0
000660.KS,2026-06-23,2898000.0,2943000.0,2536000.0,2555000.0,8050335.0
000660.KS,2026-06-24,2598000.0,2703000.0,2453000.0,2621000.0,7487916.0
000660.KS,2026-06-25,2865000.0,2987000.0,2749000.0,2917000.0,6790853.0
000660.KS,2026-06-26,2850000.0,2880000.0,2600000.0,2673000.0,7467492.0
000660.KS,2026-06-29,2636000.0,2688000.0,2517000.0,2628000.0,5217788.0
000660.KS,2026-06-30,2608000.0,2742000.0,2541000.0,2650000.0,5109213.0
000660.KS,2026-07-01,2665000.0,2723000.0,2502000.0,2560000.0,4277276.0
000660.KS,2026-07-02,2351000.0,2448000.0,2187000.0,2187000.0,7685914.0
000660.KS,2026-07-03,2197000.0,2454000.0,2045000.0,2425000.0,7984914.0
000660.KS,2026-07-06,2450000.0,2497000.0,2292000.0,2343000.0,4235360.0
000660.KS,2026-07-07,2289000.0,2343000.0,2080000.0,2201000.0,6351195.0
000660.KS,2026-07-08,2118000.0,2329000.0,2076000.0,2076000.0,6975631.0
000660.KS,2026-07-09,2228000.0,2270000.0,2091000.0,2186000.0,6261504.0
000660.KS,2026-07-10,2296000.0,2305000.0,2166000.0,2180000.0,4827239.0
000660.KS,2026-07-13,2113000.0,2142000.0,1839000.0,1845000.0,8040043.0
000660.KS,2026-07-14,1825000.0,1936000.0,1678000.0,1913000.0,10447011.0
000660.KS,2026-07-15,2120000.0,2171000.0,2070000.0,2082000.0,6046951.0
000660.KS,2026-07-16,1902000.0,1919000.0,1821000.0,1842000.0,5608812.0
000660.KS,2026-07-20,1745000.0,1892000.0,1735000.0,1764000.0,5876444.0
000660.KS,2026-07-21,1775000.0,1889000.0,1732000.0,1836000.0,4639208.0
000660.KS,2026-07-22,1977000.0,2006000.0,1830000.0,1830000.0,4802637.0
000660.KS,2026-07-23,1910000.0,1948000.0,1845000.0,1919000.0,4119477.0
000660.KS,2026-07-24,1894000.0,1894000.0,1752000.0,1759000.0,4935624.0
000660.KS,2026-07-27,1814000.0,1821000.0,1707000.0,1816000.0,4030933.0
000660.KS,2026-07-28,1662000.0,1674000.0,1550000.0,1550000.0,8120587.0
000660.KS,2026-07-29,1567000.0,1619000.0,1246000.0,1401000.0,12428883.0
000660.KS,2026-07-30,1361000.0,1459000.0,1287000.0,1322000.0,9543189.0
000660.KS,2026-07-31,1697000.0,1718000.0,1586000.0,1718000.0,10499619.0
000660.KS,2026-08-03,1642000.0,1645000.0,1562000.0,1567000.0,5432833.0
000660.KS,2026-08-04,1620000.0,1630000.0,1483000.0,1577000.0,5391210.0
000660.KS,2026-08-05,1693000.0,1701000.0,1647000.0,1668000.0,3945674.0
000660.KS,2026-08-06,1600000.0,1606000.0,1481000.0,1495000.0,5498295.0
000660.KS,2026-08-07,1521000.0,1542000.0,1409000.0,1422000.0,5002539.0
000660.KS,2026-08-10,1443000.0,1487000.0,1397000.0,1420000.0,3295283.0
000660.KS,2026-08-11,1405000.0,1455000.0,1373000.0,1425000.0,3817655.0
000660.KS,2026-08-12,1456000.0,1549000.0,1440000.0,1504000.0,4566672.0
000660.KS,2026-08-13,1582000.0,1634000.0,1567000.0,1593000.0,4680347.0
000660.KS,2026-08-14,1695000.0,1697000.0,1626000.0,1645000.0,4520990.0
000660.KS,2026-08-18,1736000.0,1792000.0,1640000.0,1662000.0,5139000.0
000660.KS,2026-08-19,1545000.0,1559000.0,1486000.0,1500000.0,4223067.0
000660.KS,2026-08-20,1613000.0,1720000.0,1576000.0,1691000.0,5452970.0
000660.KS,2026-08-21,1675000.0,1773000.0,1669000.0,1730000.0,4274294.0
000660.KS,2026-08-24,1775000.0,1792000.0,1670000.0,1671000.0,3994599.0
000660.KS,2026-08-25,1598000.0,1687000.0,1557000.0,1678000.0,4029660.0
000660.KS,2026-08-26,1668000.0,1735000.0,1662000.0,1688000.0,2923810.0
000660.KS,2026-08-27,1776000.0,1788000.0,1708000.0,1730000.0,3264042.0
000660.KS,2026-08-28,1704000.0,1725000.0,1653000.0,1653000.0,3531892.0
000660.KS,2026-08-31,1596000.0,1674000.0,1577000.0,1674000.0,3980661.0
000660.KS,2026-09-01,1666000.0,1713000.0,1652000.0,1693000.0,2727724.0
000660.KS,2026-09-02,1630000.0,1661000.0,1612000.0,1613000.0,2568478.0
000660.KS,2026-09-03,1643000.0,1649000.0,1558000.0,1596000.0,2632758.0
000660.KS,2026-09-04,1620000.0,1683000.0,1620000.0,1647000.0,2827892.0
000660.KS,2026-09-07,1737000.0,1783000.0,1733000.0,1783000.0,3480094.0
000660.KS,2026-09-08,1799000.0,1889000.0,1777000.0,1793000.0,4164618.0
000660.KS,2026-09-09,1795000.0,1883000.0,1795000.0,1856000.0,3526484.0
000660.KS,2026-09-10,1879000.0,1890000.0,1811000.0,1853000.0,4483585.0
000660.KS,2026-09-11,1773000.0,1827000.0,1768000.0,1812000.0,2625165.0
000660.KS,2026-09-14,1707000.0,1740000.0,1686000.0,1697000.0,4001549.0
000660.KS,2026-09-15,1690000.0,1729000.0,1671000.0,1690000.0,2732031.0
000660.KS,2026-09-16,1686000.0,1760000.0,1686000.0,1759000.0,2857754.0
000660.KS,2026-09-17,1770000.0,1785000.0,1735000.0,1745000.0,2803398.0
000660.KS,2026-09-18,1810000.0,1857000.0,1805000.0,1857000.0,4764077.0
000660.KS,2026-09-21,1872000.0,1888000.0,1847000.0,1868000.0,2755380.0
000660.KS,2026-09-22,1909000.0,1935000.0,1832000.0,1840000.0,3271767.0
000660.KS,2026-09-23,1899000.0,1900000.0,1836000.0,1862000.0,2947714.0
000660.KS,2026-09-28,1825000.0,1840000.0,1768000.0,1768000.0,3302748.0
000660.KS,2026-09-29,1755000.0,1788000.0,1736000.0,1765000.0,2939411.0
000660.KS,2026-09-30,1789000.0,1824000.0,1773000.0,1776000.0,3712265.0
0050,2026-04-01,75.0,75.6,74.6,75.45,130698663.0
0050,2026-04-02,75.9,76.05,73.8,73.95,113976137.0
0050,2026-04-07,75.15,75.45,74.65,75.3,80449813.0
0050,2026-04-08,78.1,79.25,78.1,79.2,235675856.0
0050,2026-04-09,79.3,79.4,78.8,79.15,95094893.0
0050,2026-04-10,80.0,80.8,79.95,80.75,120838644.0
0050,2026-04-13,80.6,81.0,80.4,80.6,91689847.0
0050,2026-04-14,81.75,83.2,81.75,83.1,129128623.0
0050,2026-04-15,84.1,85.1,83.8,84.15,127729350.0
0050,2026-04-16,84.75,85.1,84.15,85.0,80696269.0
0050,2026-04-17,84.2,84.5,84.0,84.15,101258031.0
0050,2026-04-20,84.55,85.1,84.45,84.55,100551500.0
0050,2026-04-21,85.5,86.1,85.0,86.0,75557759.0
0050,2026-04-22,85.75,86.6,85.55,86.35,67544248.0
0050,2026-04-23,87.65,88.8,85.15,86.35,156715780.0
0050,2026-04-24,87.6,89.95,87.55,89.95,129885911.0
0050,2026-04-27,92.7,94.25,92.7,93.0,192038103.0
0050,2026-04-28,92.55,93.65,91.9,92.0,126301332.0
0050,2026-04-29,90.7,91.5,90.0,90.75,103795530.0
0050,2026-04-30,91.25,91.9,90.3,90.5,89209769.0
0050,2026-05-04,92.5,94.65,92.4,94.6,125270935.0
0050,2026-05-05,94.4,94.75,94.0,94.6,82851869.0
0050,2026-05-06,96.05,96.9,94.7,95.75,111759164.0
0050,2026-05-07,97.95,98.4,97.4,97.7,117152238.0
0050,2026-05-08,97.35,97.7,95.85,97.0,131188123.0
0050,2026-05-11,96.65,97.15,96.5,96.9,96606391.0
0050,2026-05-12,96.85,97.35,95.5,96.85,102303450.0
0050,2026-05-13,94.85,95.8,94.7,95.5,130654061.0
0050,2026-05-14,96.9,97.2,95.75,96.05,57229209.0
0050,2026-05-15,97.65,98.25,95.2,95.4,98132989.0
0050,2026-05-18,94.0,95.2,93.3,94.9,118571453.0
0050,2026-05-19,94.35,94.7,93.1,93.1,135939820.0
0050,2026-05-20,93.0,93.5,92.45,92.5,121650308.0
0050,2026-05-21,94.8,96.05,94.7,95.85,62215954.0
0050,2026-05-22,96.3,97.3,96.0,97.3,64288280.0
0050,2026-05-25,99.55,101.0,99.55,100.8,129483256.0
0050,2026-05-26,101.6,101.8,100.1,100.1,93560313.0
0050,2026-05-27,102.4,103.9,102.0,102.55,94959812.0
0050,2026-05-28,104.0,104.25,100.1,100.5,152915695.0
0050,2026-05-29,103.2,105.4,102.7,105.4,102355526.0
0050,2026-06-01,105.25,106.7,104.5,105.5,135817122.0
0050,2026-06-02,106.3,106.3,104.2,105.7,117160979.0
0050,2026-06-03,107.3,107.85,107.1,107.6,79592362.0
0050,2026-06-04,106.75,107.0,106.05,106.1,236782252.0
0050,2026-06-05,105.0,105.35,102.8,104.15,337031371.0
0050,2026-06-08,98.05,101.3,98.05,100.95,524952235.0
0050,2026-06-09,102.1,103.6,101.35,103.5,246039378.0
0050,2026-06-10,102.6,102.95,100.2,100.25,192916596.0
0050,2026-06-11,100.0,100.55,97.6,99.85,299040372.0
0050,2026-06-12,103.25,103.75,101.55,101.95,76563613.0
0050,2026-06-15,105.1,105.5,104.3,105.25,100402843.0
0050,2026-06-16,106.05,106.05,104.85,105.9,70824506.0
0050,2026-06-17,105.0,106.0,104.5,106.0,100331952.0
0050,2026-06-18,107.0,107.45,106.65,107.3,78557448.0
0050,2026-06-22,109.45,111.2,109.45,111.15,116042256.0
0050,2026-06-23,112.0,112.3,110.05,110.1,130786727.0
0050,2026-06-24,108.0,108.1,106.15,107.15,235939737.0
0050,2026-06-25,108.0,108.05,106.35,107.2,96345582.0
0050,2026-06-26,105.4,105.85,102.8,103.1,291814760.0
0050,2026-06-29,103.35,105.35,103.3,104.45,106661221.0
0050,2026-06-30,106.85,108.25,106.75,107.8,107704452.0
0050,2026-07-01,109.8,109.95,108.6,109.35,76131395.0
0050,2026-07-02,107.2,108.95,106.9,108.8,73421155.0
0050,2026-07-03,106.15,108.8,106.1,108.35,82436126.0
0050,2026-07-06,109.05,109.6,107.7,108.25,75784190.0
0050,2026-07-07,108.55,109.05,105.85,106.2,124629074.0
0050,2026-07-08,106.4,106.6,105.05,106.05,96508356.0
0050,2026-07-09,106.35,107.0,105.45,105.8,56650627.0
0050,2026-07-13,107.0,107.55,105.7,106.0,71523037.0
0050,2026-07-14,105.5,105.5,102.25,104.4,259927533.0
0050,2026-07-15,105.3,106.45,104.65,106.3,110911495.0
0050,2026-07-16,105.35,106.75,104.55,106.4,73088988.0
0050,2026-07-17,102.9,103.05,100.0,100.15,520545951.0
0050,2026-07-20,100.2,100.6,98.3,99.2,373784717.0
0050,2026-07-21,100.0,102.5,99.85,102.5,95733411.0
0050,2026-07-22,104.5,104.8,103.3,103.85,107935092.0
0050,2026-07-23,104.25,104.8,102.9,103.9,54786484.0
0050,2026-07-24,102.55,103.05,101.3,101.7,105138918.0
0050,2026-07-27,101.3,101.6,100.05,101.45,109612623.0
0050,2026-07-28,98.35,98.35,96.9,97.15,469130535.0
0050,2026-07-29,96.95,97.0,91.8,93.7,546282926.0
0050,2026-07-30,93.4,96.0,92.0,93.5,297963128.0
0050,2026-07-31,100.0,102.85,99.8,102.85,345660955.0
0050,2026-08-03,102.0,102.7,101.0,102.0,169497151.0
0050,2026-08-04,100.65,102.25,99.75,100.65,121774200.0
0050,2026-08-05,103.75,104.75,102.9,103.8,168906182.0
0050,2026-08-06,103.25,103.7,102.55,103.3,78928810.0
0050,2026-08-07,103.8,104.0,102.05,102.85,69373793.0
0050,2026-08-10,103.9,104.75,103.5,104.25,82086387.0
0050,2026-08-11,104.05,104.85,103.4,104.6,69314252.0
0050,2026-08-12,105.0,105.25,104.45,105.2,64991356.0
0050,2026-08-13,106.55,107.0,106.15,106.7,89418262.0
0050,2026-08-14,107.1,107.5,106.05,106.4,81955573.0
0050,2026-08-17,106.4,106.95,106.0,106.45,58016480.0
0050,2026-08-18,106.45,106.45,104.85,104.9,66471402.0
0050,2026-08-19,103.05,103.85,102.7,103.1,100818593.0
0050,2026-08-20,104.2,104.25,102.95,103.8,43382378.0
0050,2026-08-21,103.8,104.8,103.2,104.65,41340817.0
0050,2026-08-24,104.65,104.8,103.8,103.8,44713618.0
0050,2026-08-25,102.9,104.4,102.4,104.4,61162385.0
0050,2026-08-26,104.1,106.05,103.5,105.9,88919251.0
0050,2026-08-27,106.5,107.0,105.9,106.05,76015854.0
0050,2026-08-28,107.1,107.35,106.7,106.95,78158934.0
0050,2026-08-31,105.6,106.25,105.0,106.25,69132826.0
0050,2026-09-01,106.5,108.7,106.5,108.45,111066980.0
0050,2026-09-02,107.5,107.85,106.65,106.8,67681102.0
0050,2026-09-03,106.9,107.4,106.15,106.2,48818422.0
0050,2026-09-04,107.7,108.0,106.85,107.9,46705557.0
0050,2026-09-07,109.05,110.0,108.85,109.9,108677081.0
0050,2026-09-08,110.0,110.75,109.55,109.65,75243156.0
0050,2026-09-09,109.95,110.6,109.5,109.65,46101333.0
0050,2026-09-10,108.6,109.15,108.4,109.15,45765227.0
0050,2026-09-11,107.4,108.0,106.9,107.7,102009319.0
0050,2026-09-14,106.3,107.15,105.85,106.9,91951392.0
0050,2026-09-15,106.75,106.95,106.15,106.25,63373313.0
0050,2026-09-16,106.15,107.4,106.15,106.9,72446738.0
0050,2026-09-17,107.9,109.2,107.85,108.05,49931752.0
0050,2026-09-18,109.6,109.95,108.85,109.85,86731065.0
0050,2026-09-21,109.9,111.45,109.85,111.35,119595084.0
0050,2026-09-22,113.35,113.75,111.85,111.85,84309564.0
0050,2026-09-23,112.8,113.15,112.3,112.45,58059253.0
0050,2026-09-24,112.0,112.45,111.75,112.4,70487939.0
0050,2026-09-29,111.8,112.25,111.05,111.3,110505674.0
0050,2026-09-30,112.5,113.05,112.05,112.05,60951975.0
005930.KS,2026-03-23,190500.0,191200.0,186300.0,186300.0,30268173.0
005930.KS,2026-03-24,195500.0,196000.0,185500.0,189700.0,25458914.0
005930.KS,2026-03-25,193700.0,196400.0,189000.0,189000.0,22995904.0
005930.KS,2026-03-26,185500.0,185900.0,178900.0,180100.0,32074131.0
005930.KS,2026-03-27,172100.0,181700.0,172000.0,180100.0,29138966.0
005930.KS,2026-03-30,171000.0,176650.0,170600.0,176300.0,22269147.0
005930.KS,2026-03-31,170000.0,174700.0,167000.0,167200.0,38659593.0
005930.KS,2026-04-01,179000.0,190800.0,178000.0,189650.0,32390251.0
005930.KS,2026-04-02,192600.0,193600.0,175000.0,178400.0,38615231.0
005930.KS,2026-04-03,184200.0,187200.0,182700.0,186200.0,20194447.0
005930.KS,2026-04-06,190900.0,194600.0,190100.0,193100.0,20635958.0
005930.KS,2026-04-07,202000.0,202500.0,192400.0,196500.0,30848053.0
005930.KS,2026-04-08,214000.0,214500.0,207500.0,210500.0,35890973.0
005930.KS,2026-04-09,207000.0,207500.0,202000.0,204000.0,42320839.0
005930.KS,2026-04-10,208500.0,211000.0,205500.0,206000.0,18244459.0
005930.KS,2026-04-13,198200.0,203000.0,198200.0,201000.0,19603415.0
005930.KS,2026-04-14,208000.0,210000.0,205500.0,206500.0,23672078.0
005930.KS,2026-04-15,215000.0,215500.0,210000.0,211000.0,24092884.0
005930.KS,2026-04-16,212000.0,218000.0,210500.0,217500.0,21499788.0
005930.KS,2026-04-17,217000.0,218000.0,215000.0,216000.0,18079322.0
005930.KS,2026-04-20,214500.0,219000.0,213000.0,214500.0,17107741.0
005930.KS,2026-04-21,218000.0,220000.0,216000.0,219000.0,16752132.0
005930.KS,2026-04-22,218500.0,222500.0,215500.0,217500.0,16823480.0
005930.KS,2026-04-23,223000.0,229500.0,216000.0,224500.0,34525485.0
005930.KS,2026-04-24,224000.0,225000.0,216500.0,219500.0,19626666.0
005930.KS,2026-04-27,220000.0,226000.0,218500.0,224500.0,22870374.0
005930.KS,2026-04-28,224000.0,226000.0,221500.0,222000.0,18444490.0
005930.KS,2026-04-29,219500.0,228000.0,218500.0,226000.0,20363756.0
005930.KS,2026-04-30,229000.0,230000.0,220500.0,220500.0,22161975.0
005930.KS,2026-05-04,228000.0,232500.0,224000.0,232500.0,32920816.0
005930.KS,2026-05-06,254000.0,270000.0,251000.0,266000.0,53097996.0
005930.KS,2026-05-07,272000.0,277000.0,260000.0,271500.0,41404687.0
005930.KS,2026-05-08,260000.0,270000.0,260000.0,268500.0,25875880.0
005930.KS,2026-05-11,284500.0,288500.0,280000.0,285500.0,36031094.0
005930.KS,2026-05-12,290000.0,291500.0,266000.0,279000.0,41211149.0
005930.KS,2026-05-13,264000.0,285500.0,262000.0,284000.0,35540134.0
005930.KS,2026-05-14,282000.0,299500.0,282000.0,296000.0,39314752.0
005930.KS,2026-05-15,291000.0,296500.0,266000.0,270500.0,38075487.0
005930.KS,2026-05-18,269500.0,288500.0,262000.0,281000.0,33555214.0
005930.KS,2026-05-19,274000.0,281500.0,266000.0,275500.0,30767569.0
005930.KS,2026-05-20,278000.0,282500.0,263500.0,276000.0,35662077.0
005930.KS,2026-05-21,291000.0,299500.0,287000.0,299500.0,36168689.0
005930.KS,2026-05-22,300000.0,300500.0,292000.0,292500.0,18395274.0
005930.KS,2026-05-26,298000.0,302000.0,297500.0,299000.0,23441371.0
005930.KS,2026-05-27,321500.0,323000.0,306000.0,307000.0,33916688.0
005930.KS,2026-05-28,305000.0,306500.0,287500.0,299500.0,30195334.0
005930.KS,2026-05-29,309500.0,319000.0,305500.0,317000.0,37241537.0
005930.KS,2026-06-01,319500.0,354500.0,319500.0,349000.0,45052488.0
005930.KS,2026-06-02,360500.0,370000.0,342000.0,360500.0,44720282.0
005930.KS,2026-06-04,349000.0,366000.0,348000.0,351500.0,34771037.0
005930.KS,2026-06-05,333500.0,343000.0,325000.0,329000.0,33725012.0
005930.KS,2026-06-08,293000.0,315500.0,292500.0,295500.0,38929682.0
005930.KS,2026-06-09,310000.0,324000.0,300000.0,322000.0,30124249.0
005930.KS,2026-06-10,311000.0,314500.0,295250.0,302500.0,1191.0
005930.KS,2026-06-11,290500.0,306500.0,287500.0,299000.0,31420307.0
005930.KS,2026-06-12,326000.0,339000.0,320000.0,322500.0,31006148.0
005930.KS,2026-06-15,342500.0,344500.0,334000.0,337000.0,21500067.0
005930.KS,2026-06-16,343000.0,345500.0,332500.0,343000.0,17548685.0
005930.KS,2026-06-17,332000.0,348000.0,331500.0,346500.0,18134051.0
005930.KS,2026-06-18,345000.0,363000.0,344500.0,362500.0,32764450.0
005930.KS,2026-06-19,372500.0,374500.0,346250.0,354000.0,43284898.0
005930.KS,2026-06-22,343000.0,363000.0,342000.0,353500.0,24330451.0
005930.KS,2026-06-23,347500.0,353000.0,310000.0,310000.0,41266630.0
005930.KS,2026-06-24,314000.0,341000.0,314000.0,340500.0,47809959.0
005930.KS,2026-06-25,359500.0,362500.0,352000.0,358500.0,36157158.0
005930.KS,2026-06-26,354000.0,356500.0,321500.0,339500.0,39735951.0
005930.KS,2026-06-29,331000.0,335500.0,316000.0,323000.0,35436521.0
005930.KS,2026-06-30,323500.0,343000.0,321000.0,334000.0,29237216.0
005930.KS,2026-07-01,334500.0,339000.0,311500.0,314500.0,24968382.0
005930.KS,2026-07-02,290000.0,304000.0,281500.0,286000.0,38905074.0
005930.KS,2026-07-03,288500.0,313000.0,283500.0,309500.0,31520538.0
005930.KS,2026-07-06,320000.0,325000.0,303000.0,318000.0,23872879.0
005930.KS,2026-07-07,307000.0,310000.0,286000.0,296000.0,32421032.0
005930.KS,2026-07-08,285500.0,300000.0,273500.0,277500.0,33525758.0
005930.KS,2026-07-09,288500.0,291500.0,267500.0,278000.0,29703616.0
005930.KS,2026-07-10,291000.0,298000.0,282000.0,285000.0,20088811.0
005930.KS,2026-07-13,285000.0,292500.0,253000.0,254500.0,31882652.0
005930.KS,2026-07-14,255000.0,270000.0,247000.0,263000.0,40086496.0
005930.KS,2026-07-15,283500.0,284500.0,273000.0,279500.0,24873414.0
005930.KS,2026-07-16,264500.0,265500.0,252500.0,255000.0,27001478.0
005930.KS,2026-07-20,241000.0,257500.0,240000.0,244000.0,26804038.0
005930.KS,2026-07-21,247000.0,263500.0,243000.0,259000.0,20386896.0
005930.KS,2026-07-22,276000.0,276000.0,260000.0,260500.0,22292003.0
005930.KS,2026-07-23,269000.0,273000.0,263000.0,270000.0,16011816.0
005930.KS,2026-07-24,266000.0,266500.0,247000.0,249500.0,26175580.0
005930.KS,2026-07-27,257000.0,258500.0,246000.0,254000.0,23296044.0
005930.KS,2026-07-28,238500.0,240000.0,218500.0,220000.0,41639623.0
005930.KS,2026-07-29,226500.0,234000.0,189200.0,208500.0,65555523.0
005930.KS,2026-07-30,214000.0,226000.0,202000.0,207000.0,46694193.0
005930.KS,2026-07-31,257000.0,267000.0,243000.0,262500.0,58478873.0
005930.KS,2026-08-03,248000.0,249500.0,238000.0,239500.0,27825493.0
005930.KS,2026-08-04,244500.0,244500.0,228000.0,240000.0,29433821.0
005930.KS,2026-08-05,254000.0,254500.0,244000.0,246000.0,22577128.0
005930.KS,2026-08-06,241500.0,246000.0,228000.0,230500.0,26101823.0
005930.KS,2026-08-07,235000.0,239500.0,229000.0,231000.0,20546010.0
005930.KS,2026-08-10,236000.0,238500.0,228500.0,230000.0,16327805.0
005930.KS,2026-08-11,229500.0,243000.0,227500.0,239500.0,23310969.0
005930.KS,2026-08-12,243500.0,260500.0,241000.0,255500.0,27102479.0
005930.KS,2026-08-13,267500.0,271000.0,262500.0,268000.0,35530867.0
005930.KS,2026-08-14,275000.0,275500.0,266000.0,274500.0,21669476.0
005930.KS,2026-08-18,283000.0,288000.0,265000.0,268500.0,24464621.0
005930.KS,2026-08-19,251500.0,254500.0,246500.0,247500.0,22788552.0
005930.KS,2026-08-20,257000.0,273000.0,252500.0,271000.0,26095919.0
005930.KS,2026-08-21,267000.0,285000.0,266000.0,281500.0,27746471.0
005930.KS,2026-08-24,271500.0,272000.0,255000.0,257000.0,32451940.0
005930.KS,2026-08-25,249000.0,258000.0,245000.0,257000.0,21617407.0
005930.KS,2026-08-26,256500.0,266500.0,255500.0,261500.0,19532523.0
005930.KS,2026-08-27,270000.0,271000.0,262500.0,266000.0,16829395.0
005930.KS,2026-08-28,262500.0,266000.0,256000.0,257000.0,15106746.0
005930.KS,2026-08-31,249000.0,260000.0,246000.0,260000.0,18270969.0
005930.KS,2026-09-01,256500.0,262500.0,254000.0,261000.0,15319615.0
005930.KS,2026-09-02,252000.0,255500.0,249500.0,250500.0,15176841.0
005930.KS,2026-09-03,254000.0,255000.0,243000.0,250000.0,13756022.0
005930.KS,2026-09-04,254000.0,259000.0,252500.0,255500.0,14031862.0
005930.KS,2026-09-07,267000.0,270000.0,264000.0,270000.0,18314016.0
005930.KS,2026-09-08,272000.0,279000.0,269000.0,269500.0,22716517.0
005930.KS,2026-09-09,269500.0,275000.0,267500.0,269500.0,16370962.0
005930.KS,2026-09-10,269000.0,270500.0,263500.0,269000.0,22517075.0
005930.KS,2026-09-11,258000.0,261500.0,256500.0,259500.0,13939111.0
005930.KS,2026-09-14,249500.0,254500.0,248500.0,249000.0,17776098.0
005930.KS,2026-09-15,248000.0,252000.0,246000.0,248500.0,11435506.0
005930.KS,2026-09-16,248000.0,254000.0,247500.0,253500.0,11757106.0
005930.KS,2026-09-17,257000.0,259000.0,251500.0,252500.0,11827514.0
005930.KS,2026-09-18,261000.0,262000.0,257500.0,261000.0,17489615.0
005930.KS,2026-09-21,264000.0,275000.0,263500.0,274000.0,22261519.0
005930.KS,2026-09-22,283000.0,283500.0,274500.0,276500.0,18157410.0
005930.KS,2026-09-23,284500.0,285500.0,281000.0,285500.0,20864376.0
005930.KS,2026-09-28,284500.0,285500.0,270000.0,270000.0,21346064.0
005930.KS,2026-09-29,266000.0,276000.0,266000.0,272500.0,15963864.0
005930.KS,2026-09-30,274500.0,276000.0,267500.0,268500.0,19340105.0
00685L,2026-04-01,161.5,164.5,160.0,164.2,1734294.0
00685L,2026-04-02,166.55,166.85,156.4,156.6,2113056.0
00685L,2026-04-07,161.85,163.85,160.2,162.05,1732944.0
00685L,2026-04-08,175.05,180.5,175.0,179.55,2340506.0
00685L,2026-04-09,179.7,179.7,177.4,178.85,1166016.0
00685L,2026-04-10,183.25,185.45,182.5,185.4,1466210.0
00685L,2026-04-13,184.65,186.3,183.95,184.8,788441.0
00685L,2026-04-14,191.15,194.85,190.15,194.6,1000042.0
00685L,2026-04-15,198.45,202.4,197.8,198.6,999218.0
00685L,2026-04-16,201.45,203.7,199.8,203.45,870064.0
00685L,2026-04-17,201.4,202.8,199.75,200.2,840139.0
00685L,2026-04-20,202.8,206.05,202.8,202.95,1140021.0
00685L,2026-04-21,208.5,211.0,205.85,210.05,1445812.0
00685L,2026-04-22,209.7,213.4,209.55,211.95,1026174.0
00685L,2026-04-23,217.0,221.35,203.1,208.35,2490478.0
00685L,2026-04-24,215.05,222.95,214.0,222.9,2096675.0
00685L,2026-04-27,233.4,236.8,231.85,231.9,3128361.0
00685L,2026-04-28,231.0,236.0,229.1,229.5,1164703.0
00685L,2026-04-29,225.25,228.75,221.8,225.6,1215825.0
00685L,2026-04-30,230.5,230.5,223.8,224.15,1280047.0
00685L,2026-05-04,235.05,243.55,234.15,243.4,1440980.0
00685L,2026-05-05,242.85,244.55,241.2,243.65,945659.0
00685L,2026-05-06,252.15,255.35,244.05,249.3,1605137.0
00685L,2026-05-07,257.4,261.05,255.5,259.5,1243232.0
00685L,2026-05-08,256.8,259.4,250.0,254.75,1969312.0
00685L,2026-05-11,253.8,257.55,253.7,255.95,1320298.0
00685L,2026-05-12,260.1,260.1,251.0,254.7,1159291.0
00685L,2026-05-13,245.6,250.5,245.2,249.3,1714768.0
00685L,2026-05-14,256.5,257.8,249.55,251.85,949978.0
00685L,2026-05-15,260.2,260.7,244.5,245.35,2094409.0
00685L,2026-05-18,238.0,243.1,234.5,241.65,1459109.0
00685L,2026-05-19,239.9,242.05,234.05,235.0,1923573.0
00685L,2026-05-20,233.65,235.2,229.75,231.0,1561280.0
00685L,2026-05-21,242.0,248.55,241.75,247.7,1579186.0
00685L,2026-05-22,252.25,258.4,250.25,258.35,3011464.0
00685L,2026-05-25,270.45,277.55,270.0,275.45,4959230.0
00685L,2026-05-26,280.5,281.0,272.5,274.9,3961358.0
00685L,2026-05-27,286.8,292.5,281.4,286.0,4468559.0
00685L,2026-05-28,290.1,294.05,270.2,274.8,7476940.0
00685L,2026-05-29,287.7,295.0,285.15,294.0,3417841.0
00685L,2026-06-01,297.1,308.0,297.1,301.65,5831626.0
00685L,2026-06-02,303.2,304.4,293.7,303.25,5867482.0
00685L,2026-06-03,312.0,315.15,309.15,313.1,3745300.0
00685L,2026-06-04,307.75,309.7,303.9,305.9,4438362.0
00685L,2026-06-05,296.6,299.15,284.6,291.55,10034175.0
00685L,2026-06-08,261.6,271.25,258.35,266.85,12170786.0
00685L,2026-06-09,273.0,283.9,270.85,282.3,4725184.0
00685L,2026-06-10,275.85,280.95,265.3,266.7,8122660.0
00685L,2026-06-11,263.5,268.55,252.2,264.25,8647721.0
00685L,2026-06-12,282.55,283.0,275.0,277.6,5077028.0
00685L,2026-06-15,296.4,296.55,291.7,295.95,5587937.0
00685L,2026-06-16,300.0,300.45,294.5,297.4,5059936.0
00685L,2026-06-17,290.95,299.0,289.15,299.0,4937551.0
00685L,2026-06-18,303.75,307.65,302.4,306.75,4870735.0
00685L,2026-06-22,320.0,329.55,319.95,329.55,6059202.0
00685L,2026-06-23,330.75,333.1,318.55,318.55,9470267.0
00685L,2026-06-24,306.2,308.2,297.3,304.2,11736866.0
00685L,2026-06-25,309.85,309.9,299.7,305.05,5710095.0
00685L,2026-06-26,295.15,296.9,278.9,280.35,17044492.0
00685L,2026-06-29,284.15,292.25,281.9,288.35,6464399.0
00685L,2026-06-30,298.65,307.5,298.65,306.0,8814375.0
00685L,2026-07-07,13.09,13.1,12.19,12.23,1219967570.0
00685L,2026-07-08,12.31,12.32,11.95,12.17,424658813.0
00685L,2026-07-09,12.24,12.42,11.99,12.09,311276564.0
00685L,2026-07-13,12.4,12.5,11.98,12.08,272585448.0
00685L,2026-07-14,12.01,12.06,11.15,11.72,633937567.0
00685L,2026-07-15,11.94,12.24,11.84,12.15,222011052.0
00685L,2026-07-16,11.94,12.21,11.74,12.17,237575610.0
00685L,2026-07-17,11.32,11.39,10.54,10.54,1120898344.0
00685L,2026-07-20,10.71,10.8,10.28,10.41,337745894.0
00685L,2026-07-21,10.7,11.2,10.68,11.2,260056733.0
00685L,2026-07-22,11.62,11.71,11.32,11.38,300616657.0
00685L,2026-07-23,11.59,11.62,11.25,11.47,194764368.0
00685L,2026-07-24,11.11,11.28,10.86,10.95,338954180.0
00685L,2026-07-27,10.88,10.98,10.63,10.96,230062018.0
00685L,2026-07-28,10.18,10.26,9.89,9.93,749575487.0
00685L,2026-07-29,9.94,9.98,8.81,9.22,1013519545.0
00685L,2026-07-30,9.06,9.65,8.94,9.16,510733849.0
00685L,2026-07-31,10.37,10.87,10.36,10.83,602208260.0
00685L,2026-08-03,10.48,10.82,10.42,10.56,303447346.0
00685L,2026-08-04,10.36,10.8,10.21,10.49,260070333.0
00685L,2026-08-05,11.19,11.33,10.99,11.12,424393251.0
00685L,2026-08-06,10.97,11.12,10.82,11.05,224500630.0
00685L,2026-08-07,11.22,11.23,10.86,11.01,219573644.0
00685L,2026-08-10,11.27,11.48,11.23,11.37,262850216.0
00685L,2026-08-11,11.24,11.47,11.16,11.42,175447077.0
00685L,2026-08-12,11.58,11.65,11.46,11.6,206337100.0
00685L,2026-08-13,11.97,11.99,11.8,11.91,231539070.0
00685L,2026-08-14,12.04,12.05,11.71,11.76,217622597.0
00685L,2026-08-17,11.84,11.95,11.74,11.84,169800032.0
00685L,2026-08-18,11.81,11.83,11.44,11.44,215840691.0
00685L,2026-08-19,11.0,11.25,11.0,11.16,242585558.0
00685L,2026-08-20,11.3,11.34,11.04,11.25,193852676.0
00685L,2026-08-21,11.2,11.44,11.1,11.37,159563674.0
00685L,2026-08-24,11.4,11.44,11.17,11.17,119090439.0
00685L,2026-08-25,10.99,11.34,10.89,11.34,181254713.0
00685L,2026-08-26,11.3,11.77,11.29,11.75,227436835.0
00685L,2026-08-27,11.87,12.04,11.8,11.84,252976774.0
00685L,2026-08-28,12.03,12.08,11.91,11.96,166817365.0
00685L,2026-08-31,11.63,11.83,11.52,11.82,224529778.0
00685L,2026-09-01,11.96,12.37,11.93,12.31,350087875.0
00685L,2026-09-02,12.11,12.17,11.89,11.89,263568299.0
00685L,2026-09-03,11.96,12.03,11.65,11.69,179920274.0
00685L,2026-09-04,12.07,12.16,11.82,12.13,211518705.0
00685L,2026-09-07,12.42,12.58,12.32,12.52,301014748.0
00685L,2026-09-08,12.54,12.59,12.3,12.35,159664310.0
00685L,2026-09-09,12.41,12.59,12.34,12.39,154934988.0
00685L,2026-09-10,12.15,12.27,12.06,12.26,170390966.0
00685L,2026-09-11,11.83,11.96,11.68,11.84,395907712.0
00685L,2026-09-14,11.49,11.79,11.44,11.68,214692879.0
00685L,2026-09-15,11.66,11.74,11.54,11.55,142156318.0
00685L,2026-09-16,11.62,11.83,11.58,11.73,110449849.0
00685L,2026-09-17,11.91,12.22,11.91,11.98,248983442.0
00685L,2026-09-18,12.29,12.45,12.16,12.42,266450607.0
00685L,2026-09-21,12.53,12.72,12.52,12.71,247810120.0
00685L,2026-09-22,13.12,13.14,12.76,12.77,277228713.0
00685L,2026-09-23,12.99,13.06,12.85,12.89,154231115.0
00685L,2026-09-24,12.72,12.89,12.69,12.87,136663568.0
00685L,2026-09-29,12.79,12.85,12.59,12.64,171560342.0
00685L,2026-09-30,12.92,13.07,12.86,12.91,176435813.0
00735,2026-04-01,64.0,66.5,64.0,66.5,1896686.0
00735,2026-04-02,67.0,67.25,64.3,64.35,1796373.0
00735,2026-04-07,66.5,67.1,66.25,66.55,1444334.0
00735,2026-04-08,69.75,72.5,69.75,72.2,3979992.0
00735,2026-04-09,72.3,72.3,71.15,71.65,1723103.0
00735,2026-04-10,72.5,73.2,72.5,72.9,2012309.0
00735,2026-04-13,72.4,72.75,72.25,72.7,1455321.0
00735,2026-04-14,74.45,75.15,74.2,74.85,2642166.0
00735,2026-04-15,76.5,77.45,76.5,76.8,2029856.0
00735,2026-04-16,77.05,77.8,77.0,77.8,1595981.0
00735,2026-04-17,77.8,77.9,77.25,77.55,1660570.0
00735,2026-04-20,77.8,79.0,77.8,78.4,1236704.0
00735,2026-04-21,79.6,81.0,79.6,81.0,1264774.0
00735,2026-04-22,80.95,81.5,80.75,81.45,1072458.0
00735,2026-04-23,83.25,83.95,79.05,80.6,2807835.0
00735,2026-04-24,81.25,82.4,80.9,81.7,4275366.0
00735,2026-04-27,83.65,85.3,83.65,85.2,2339159.0
00735,2026-04-28,85.5,86.5,85.3,85.4,938866.0
00735,2026-04-29,84.9,85.4,83.7,84.95,1482872.0
00735,2026-04-30,85.45,86.0,84.6,84.9,1185862.0
00735,2026-05-04,87.5,89.8,86.8,89.75,1214010.0
00735,2026-05-05,89.75,90.1,89.5,90.1,1095392.0
00735,2026-05-06,94.1,97.0,94.0,97.0,3640458.0
00735,2026-05-07,98.6,101.0,96.35,96.75,5623760.0
00735,2026-05-08,96.5,96.8,94.45,95.3,4451961.0
00735,2026-05-11,100.6,100.8,99.0,100.7,4856864.0
00735,2026-05-12,102.0,102.2,98.45,100.0,4205987.0
00735,2026-05-13,97.5,100.25,96.6,100.05,3077133.0
00735,2026-05-14,100.75,102.0,100.05,100.05,2283283.0
00735,2026-05-15,101.2,101.4,96.4,97.0,3548850.0
00735,2026-05-18,95.0,97.9,94.2,96.9,2767089.0
00735,2026-05-19,95.7,95.9,94.0,94.05,2407565.0
00735,2026-05-20,93.55,94.7,92.8,92.95,2403652.0
00735,2026-05-21,96.95,99.75,96.95,99.5,2415231.0
00735,2026-05-22,100.25,101.2,99.8,101.2,1844383.0
00735,2026-05-25,102.6,105.0,102.55,105.0,2739048.0
00735,2026-05-26,106.85,107.9,105.4,106.65,2423334.0
00735,2026-05-27,111.1,113.7,111.1,111.65,6198600.0
00735,2026-05-28,112.1,112.1,106.2,108.3,5159771.0
00735,2026-05-29,111.65,113.2,111.6,112.85,3520574.0
00735,2026-06-01,115.0,117.65,114.85,116.35,6131463.0
00735,2026-06-02,116.95,117.0,114.1,116.45,5180262.0
00735,2026-06-03,118.25,120.9,118.25,119.65,5074039.0
00735,2026-06-04,117.45,117.8,115.0,115.25,8794375.0
00735,2026-06-05,110.0,112.0,107.5,110.5,10602181.0
00735,2026-06-08,100.4,105.85,100.4,104.65,8215832.0
00735,2026-06-09,106.4,110.5,105.1,109.75,3696885.0
00735,2026-06-10,108.15,109.2,103.55,103.65,4870157.0
00735,2026-06-11,103.4,105.9,101.5,104.55,4084052.0
00735,2026-06-12,111.85,112.45,109.3,109.8,4890963.0
00735,2026-06-15,113.85,114.1,112.3,113.0,2860289.0
00735,2026-06-16,114.5,114.5,112.75,113.85,2805475.0
00735,2026-06-17,112.8,115.05,112.6,115.05,3012631.0
00735,2026-06-18,116.55,118.4,116.4,118.4,3259454.0
00735,2026-06-22,122.3,123.3,121.55,122.65,4382492.0
00735,2026-06-23,122.0,122.05,116.7,116.7,8314729.0
00735,2026-06-24,115.0,116.45,113.0,115.95,5881208.0
00735,2026-06-25,118.75,119.8,117.4,119.8,3629926.0
00735,2026-06-26,117.3,117.95,112.4,113.5,5912821.0
00735,2026-06-29,113.45,114.5,111.6,112.0,2923011.0
00735,2026-06-30,113.9,117.15,113.9,116.85,3030842.0
00735,2026-07-01,116.9,116.9,114.05,115.6,2858029.0
00735,2026-07-02,111.0,113.4,110.3,112.1,4066651.0
00735,2026-07-03,109.0,113.6,108.25,113.1,2883627.0
00735,2026-07-06,114.8,115.1,111.0,112.6,2841043.0
00735,2026-07-07,111.45,111.5,106.8,107.4,4956130.0
00735,2026-07-08,109.15,109.95,105.75,106.35,3094738.0
00735,2026-07-09,108.3,108.75,105.65,106.55,3236512.0
00735,2026-07-13,107.0,107.45,103.0,103.0,4048191.0
00735,2026-07-14,103.0,104.0,97.8,102.5,6846347.0
00735,2026-07-15,106.2,107.8,105.45,106.9,4073443.0
00735,2026-07-16,100.5,101.5,99.25,101.3,3484511.0
00735,2026-07-17,98.6,98.6,93.05,93.05,6603672.0
00735,2026-07-20,94.85,95.6,93.05,93.65,4369695.0
00735,2026-07-21,94.7,98.4,94.7,97.75,2515506.0
00735,2026-07-22,102.1,102.45,100.05,100.1,2520192.0
00735,2026-07-23,101.75,102.3,99.75,101.5,1867269.0
00735,2026-07-24,99.3,99.8,96.9,97.5,2621284.0
00735,2026-07-27,97.9,97.9,95.4,97.9,2410100.0
00735,2026-07-28,92.0,92.0,89.55,89.8,5561068.0
00735,2026-07-29,90.0,90.65,82.1,84.6,7580046.0
00735,2026-07-30,84.05,88.15,83.35,83.7,7293687.0
00735,2026-07-31,95.75,98.0,94.25,97.9,9110225.0
00735,2026-08-03,95.75,96.6,94.85,95.5,5074167.0
00735,2026-08-04,94.2,96.4,93.45,94.75,3924617.0
00735,2026-08-05,100.0,100.0,98.0,98.7,4547254.0
00735,2026-08-06,96.3,97.35,95.7,96.9,2681010.0
00735,2026-08-07,97.1,97.15,95.0,95.55,2185321.0
00735,2026-08-10,96.45,97.7,96.3,96.95,2657544.0
00735,2026-08-11,96.15,98.0,95.7,97.8,1834806.0
00735,2026-08-12,99.1,100.8,98.75,100.5,3452618.0
00735,2026-08-13,103.5,103.75,102.8,103.6,3085651.0
00735,2026-08-14,104.9,104.95,102.75,103.1,3430945.0
00735,2026-08-17,104.15,104.4,103.4,104.05,1635452.0
00735,2026-08-18,106.0,106.0,102.0,102.0,2820758.0
00735,2026-08-19,97.45,99.75,97.45,98.75,2784744.0
00735,2026-08-20,101.75,102.1,100.7,101.75,2473042.0
00735,2026-08-21,102.0,103.55,101.2,103.4,2442499.0
00735,2026-08-24,103.0,103.0,100.8,101.0,1451038.0
00735,2026-08-25,99.55,101.45,98.15,101.45,2000656.0
00735,2026-08-26,100.9,103.1,100.7,102.65,1846449.0
00735,2026-08-27,103.6,104.3,103.1,103.3,1768099.0
00735,2026-08-28,104.0,104.2,103.3,103.4,1762687.0
00735,2026-08-31,101.8,102.75,100.7,102.7,1793985.0
00735,2026-09-01,103.3,104.9,103.3,104.5,2219627.0
00735,2026-09-02,103.65,103.65,102.05,102.35,1120893.0
00735,2026-09-03,102.6,103.05,100.45,100.6,1704721.0
00735,2026-09-04,103.0,104.1,102.05,104.05,1616183.0
00735,2026-09-07,106.0,106.85,105.75,106.85,2614569.0
00735,2026-09-08,107.7,108.25,106.95,107.05,2216304.0
00735,2026-09-09,107.55,108.15,106.95,107.05,1519022.0
00735,2026-09-10,106.7,107.1,105.5,107.0,908683.0
00735,2026-09-11,104.85,104.85,103.7,104.25,1607708.0
00735,2026-09-14,101.7,103.1,101.4,102.2,1137928.0
00735,2026-09-15,101.8,102.5,100.9,100.9,955540.0
00735,2026-09-16,101.3,102.85,101.3,102.25,502933.0
00735,2026-09-17,103.25,104.0,102.55,102.55,884018.0
00735,2026-09-18,104.6,105.2,104.2,105.2,988875.0
00735,2026-09-21,105.9,107.3,105.9,106.95,1320608.0
00735,2026-09-22,111.5,111.5,108.65,108.8,2770550.0
00735,2026-09-23,109.9,110.35,109.4,109.6,809765.0
00735,2026-09-24,109.1,109.2,108.55,109.0,720931.0
00735,2026-09-29,108.8,108.8,107.2,107.25,965068.0
00735,2026-09-30,108.8,109.15,107.95,107.95,1467540.0
2308,2026-04-01,1465.0,1495.0,1450.0,1475.0,12559029.0
2308,2026-04-02,1480.0,1510.0,1420.0,1430.0,9953601.0
2308,2026-04-07,1495.0,1515.0,1490.0,1515.0,11190572.0
2308,2026-04-08,1630.0,1665.0,1615.0,1665.0,13400336.0
2308,2026-04-09,1685.0,1705.0,1635.0,1645.0,15129409.0
2308,2026-04-10,1690.0,1750.0,1675.0,1735.0,11557080.0
2308,2026-04-13,1730.0,1760.0,1710.0,1740.0,7069198.0
2308,2026-04-14,1805.0,1820.0,1750.0,1750.0,12801739.0
2308,2026-04-15,1785.0,1835.0,1785.0,1785.0,12877432.0
2308,2026-04-16,1835.0,1845.0,1785.0,1845.0,13254811.0
2308,2026-04-17,1865.0,1870.0,1830.0,1840.0,10769751.0
2308,2026-04-20,1860.0,1980.0,1860.0,1900.0,12064485.0
2308,2026-04-21,1950.0,2035.0,1930.0,2015.0,11917108.0
2308,2026-04-22,2040.0,2045.0,1995.0,2015.0,10968852.0
2308,2026-04-23,2100.0,2115.0,1935.0,1980.0,17431212.0
2308,2026-04-24,2005.0,2090.0,1990.0,2075.0,11571377.0
2308,2026-04-27,2070.0,2080.0,1995.0,2020.0,15898086.0
2308,2026-04-28,2030.0,2160.0,2030.0,2125.0,15038642.0
2308,2026-04-29,2040.0,2170.0,2035.0,2165.0,12261414.0
2308,2026-04-30,2220.0,2280.0,2150.0,2165.0,14060511.0
2308,2026-05-04,2250.0,2260.0,2150.0,2220.0,12649019.0
2308,2026-05-05,2185.0,2195.0,2145.0,2165.0,10559120.0
2308,2026-05-06,2215.0,2270.0,2150.0,2210.0,15562046.0
2308,2026-05-07,2275.0,2370.0,2250.0,2280.0,15656408.0
2308,2026-05-08,2230.0,2250.0,2170.0,2200.0,11802071.0
2308,2026-05-11,2215.0,2270.0,2205.0,2245.0,9200516.0
2308,2026-05-12,2225.0,2260.0,2190.0,2195.0,13011711.0
2308,2026-05-13,2160.0,2185.0,2140.0,2165.0,7659621.0
2308,2026-05-14,2210.0,2250.0,2155.0,2155.0,7332576.0
2308,2026-05-15,2185.0,2195.0,2075.0,2075.0,12351492.0
2308,2026-05-18,1985.0,2040.0,1985.0,2020.0,10082191.0
2308,2026-05-19,2020.0,2025.0,1910.0,1915.0,16288903.0
2308,2026-05-20,1880.0,1960.0,1880.0,1915.0,10890054.0
2308,2026-05-21,2015.0,2060.0,1990.0,2030.0,11663874.0
2308,2026-05-22,2125.0,2125.0,2050.0,2095.0,8534359.0
2308,2026-05-25,2205.0,2300.0,2185.0,2290.0,12049781.0
2308,2026-05-26,2350.0,2410.0,2290.0,2350.0,12198582.0
2308,2026-05-27,2490.0,2585.0,2490.0,2520.0,13897689.0
2308,2026-05-28,2485.0,2520.0,2370.0,2390.0,11721062.0
2308,2026-05-29,2470.0,2525.0,2445.0,2445.0,17179076.0
2308,2026-06-01,2450.0,2520.0,2410.0,2420.0,9840869.0
2308,2026-06-02,2430.0,2455.0,2330.0,2360.0,12331189.0
2308,2026-06-03,2420.0,2460.0,2410.0,2455.0,10882344.0
2308,2026-06-04,2440.0,2465.0,2405.0,2425.0,9416420.0
2308,2026-06-05,2380.0,2380.0,2275.0,2300.0,12283892.0
2308,2026-06-08,2090.0,2260.0,2090.0,2255.0,15374423.0
2308,2026-06-09,2265.0,2435.0,2215.0,2415.0,15579800.0
2308,2026-06-10,2370.0,2410.0,2190.0,2200.0,18810727.0
2308,2026-06-11,2170.0,2230.0,2080.0,2160.0,15289457.0
2308,2026-06-12,2260.0,2280.0,2170.0,2215.0,9897155.0
2308,2026-06-15,2310.0,2320.0,2200.0,2210.0,9456969.0
2308,2026-06-16,2265.0,2270.0,2220.0,2230.0,9190426.0
2308,2026-06-17,2220.0,2220.0,2140.0,2155.0,11613654.0
2308,2026-06-18,2190.0,2210.0,2150.0,2150.0,12882319.0
2308,2026-06-22,2170.0,2195.0,2135.0,2150.0,16874717.0
2308,2026-06-23,2170.0,2170.0,2080.0,2080.0,14787242.0
2308,2026-06-24,2030.0,2050.0,1970.0,2000.0,23907070.0
2308,2026-06-25,2060.0,2060.0,1960.0,1980.0,13727341.0
2308,2026-06-26,1925.0,1935.0,1790.0,1810.0,28604290.0
2308,2026-06-29,1860.0,1970.0,1850.0,1905.0,16741799.0
2308,2026-06-30,2010.0,2030.0,1950.0,1950.0,14370927.0
2308,2026-07-01,2020.0,2020.0,1965.0,1990.0,8753015.0
2308,2026-07-02,1955.0,2010.0,1920.0,1970.0,6939618.0
2308,2026-07-03,1920.0,2075.0,1885.0,2075.0,15207642.0
2308,2026-07-06,2120.0,2135.0,1995.0,1995.0,9220091.0
2308,2026-07-07,2015.0,2025.0,1890.0,1890.0,9212478.0
2308,2026-07-08,1925.0,1950.0,1840.0,1885.0,13043190.0
2308,2026-07-09,1890.0,1935.0,1870.0,1880.0,8337141.0
2308,2026-07-13,1970.0,1980.0,1885.0,1890.0,9299583.0
2308,2026-07-14,1900.0,1905.0,1780.0,1855.0,10864234.0
2308,2026-07-15,1930.0,1930.0,1865.0,1890.0,8792634.0
2308,2026-07-16,1865.0,1935.0,1820.0,1905.0,8661820.0
2308,2026-07-17,1820.0,1825.0,1735.0,1740.0,14248513.0
2308,2026-07-20,1695.0,1785.0,1665.0,1705.0,11567901.0
2308,2026-07-21,1735.0,1855.0,1720.0,1835.0,11082972.0
2308,2026-07-22,1920.0,1950.0,1870.0,1880.0,11813364.0
2308,2026-07-23,1900.0,1945.0,1850.0,1880.0,6075442.0
2308,2026-07-24,1850.0,1890.0,1785.0,1785.0,7041974.0
2308,2026-07-27,1755.0,1785.0,1695.0,1755.0,9935415.0
2308,2026-07-28,1635.0,1655.0,1580.0,1580.0,16516645.0
2308,2026-07-29,1560.0,1595.0,1425.0,1495.0,22356467.0
2308,2026-07-30,1505.0,1625.0,1475.0,1530.0,22598605.0
2308,2026-07-31,1680.0,1680.0,1590.0,1640.0,31456334.0
2308,2026-08-03,1610.0,1645.0,1560.0,1580.0,17410913.0
2308,2026-08-04,1530.0,1680.0,1520.0,1620.0,20958807.0
2308,2026-08-05,1705.0,1720.0,1645.0,1650.0,16778461.0
2308,2026-08-06,1650.0,1700.0,1625.0,1680.0,10907572.0
2308,2026-08-07,1700.0,1715.0,1635.0,1650.0,10432120.0
2308,2026-08-10,1695.0,1815.0,1690.0,1815.0,10318139.0
2308,2026-08-11,1835.0,1865.0,1785.0,1805.0,18963715.0
2308,2026-08-12,1810.0,1830.0,1785.0,1790.0,9097777.0
2308,2026-08-13,1845.0,1915.0,1845.0,1885.0,14453120.0
2308,2026-08-14,1945.0,1975.0,1865.0,1885.0,14036875.0
2308,2026-08-17,1950.0,2005.0,1885.0,1885.0,13421490.0
2308,2026-08-18,1900.0,1905.0,1820.0,1820.0,11391040.0
2308,2026-08-19,1745.0,1800.0,1740.0,1765.0,12608652.0
2308,2026-08-20,1770.0,1785.0,1705.0,1745.0,11014621.0
2308,2026-08-21,1760.0,1760.0,1720.0,1750.0,5768589.0
2308,2026-08-24,1720.0,1775.0,1710.0,1735.0,4498318.0
2308,2026-08-25,1715.0,1715.0,1655.0,1710.0,10537455.0
2308,2026-08-26,1680.0,1760.0,1670.0,1750.0,10798374.0
2308,2026-08-27,1780.0,1820.0,1760.0,1770.0,8876431.0
2308,2026-08-28,1800.0,1870.0,1780.0,1830.0,13398406.0
2308,2026-08-31,1785.0,1840.0,1775.0,1840.0,8899747.0
2308,2026-09-01,1845.0,1865.0,1810.0,1865.0,8434152.0
2308,2026-09-02,1815.0,1815.0,1730.0,1730.0,15977253.0
2308,2026-09-03,1735.0,1810.0,1725.0,1760.0,10346094.0
2308,2026-09-04,1810.0,1850.0,1790.0,1825.0,9195063.0
2308,2026-09-07,1845.0,1885.0,1825.0,1850.0,7560958.0
2308,2026-09-08,1860.0,1860.0,1795.0,1805.0,6331851.0
2308,2026-09-09,1780.0,1855.0,1780.0,1795.0,8307925.0
2308,2026-09-10,1775.0,1775.0,1675.0,1675.0,20489051.0
2308,2026-09-11,1595.0,1635.0,1595.0,1620.0,15924565.0
2308,2026-09-14,1560.0,1630.0,1560.0,1620.0,9470308.0
2308,2026-09-15,1590.0,1715.0,1585.0,1670.0,14802962.0
2308,2026-09-16,1680.0,1730.0,1655.0,1710.0,10673726.0
2308,2026-09-17,1730.0,1745.0,1685.0,1685.0,10796328.0
2308,2026-09-18,1730.0,1750.0,1715.0,1735.0,13051318.0
2308,2026-09-21,1750.0,1885.0,1740.0,1875.0,19102054.0
2308,2026-09-22,1965.0,1965.0,1900.0,1900.0,16957990.0
2308,2026-09-23,1910.0,1920.0,1890.0,1900.0,9734322.0
2308,2026-09-24,1875.0,1935.0,1875.0,1910.0,8983854.0
2308,2026-09-29,1880.0,1950.0,1810.0,1835.0,14404821.0
2308,2026-09-30,1885.0,1930.0,1870.0,1890.0,11094898.0
2327,2026-04-01,252.5,256.0,251.0,251.5,12122969.0
2327,2026-04-02,256.0,257.0,245.0,246.0,13724318.0
2327,2026-04-07,250.0,257.0,249.5,256.0,12824931.0
2327,2026-04-08,267.5,273.5,264.0,271.5,23604593.0
2327,2026-04-09,276.0,282.0,273.0,281.5,35053346.0
2327,2026-04-10,290.0,292.0,283.0,285.0,32500766.0
2327,2026-04-13,300.5,311.0,292.0,303.5,98816325.0
2327,2026-04-14,311.5,314.0,299.0,312.0,71255856.0
2327,2026-04-15,321.5,332.0,316.5,322.0,76263816.0
2327,2026-04-16,320.0,331.5,304.5,325.0,68355051.0
2327,2026-04-17,330.0,336.5,316.0,316.5,50323777.0
2327,2026-04-20,320.0,329.5,315.5,319.5,31507671.0
2327,2026-04-21,326.0,329.0,317.0,323.0,33539837.0
2327,2026-04-22,329.0,329.0,315.5,315.5,30222804.0
2327,2026-04-23,316.0,320.0,289.5,295.0,58857941.0
2327,2026-04-24,295.5,301.0,290.0,297.0,32633203.0
2327,2026-04-27,300.0,310.0,292.5,305.0,33181607.0
2327,2026-04-28,310.0,329.0,307.0,326.5,51369522.0
2327,2026-04-29,325.0,328.5,317.5,322.0,28052238.0
2327,2026-04-30,323.0,333.0,317.0,317.0,35517666.0
2327,2026-05-04,327.0,345.0,314.0,342.5,54798027.0
2327,2026-05-05,344.5,357.5,341.0,348.5,39818124.0
2327,2026-05-06,360.0,361.5,331.0,338.0,44347027.0
2327,2026-05-07,345.5,371.5,337.5,371.5,52950937.0
2327,2026-05-08,390.0,400.0,369.5,389.0,96857168.0
2327,2026-05-11,394.5,398.5,370.0,391.5,51692723.0
2327,2026-05-12,399.0,430.0,390.5,419.5,63365273.0
2327,2026-05-13,410.0,427.5,404.0,420.0,53261565.0
2327,2026-05-14,462.0,462.0,462.0,462.0,17046742.0
2327,2026-05-15,462.0,492.5,447.5,455.5,116741355.0
2327,2026-05-18,475.0,501.0,467.5,501.0,92207451.0
2327,2026-05-19,501.0,516.0,485.5,497.0,89070238.0
2327,2026-05-20,514.0,545.0,503.0,520.0,84883235.0
2327,2026-05-21,561.0,572.0,560.0,572.0,24699193.0
2327,2026-05-22,605.0,629.0,600.0,629.0,73991747.0
2327,2026-05-25,679.0,691.0,662.0,691.0,67663245.0
2327,2026-05-26,674.0,678.0,631.0,661.0,29457930.0
2327,2026-05-27,683.0,727.0,683.0,701.0,24969369.0
2327,2026-05-28,709.0,769.0,709.0,742.0,25023375.0
2327,2026-05-29,775.0,784.0,735.0,738.0,28926802.0
2327,2026-06-01,765.0,811.0,765.0,790.0,32143661.0
2327,2026-06-02,771.0,847.0,757.0,846.0,23216094.0
2327,2026-06-03,810.0,844.0,810.0,820.0,16771572.0
2327,2026-06-04,775.0,788.0,743.0,743.0,24383227.0
2327,2026-06-05,708.0,778.0,670.0,769.0,29037062.0
2327,2026-06-08,693.0,751.0,693.0,751.0,26219850.0
2327,2026-06-09,790.0,826.0,772.0,826.0,52270522.0
2327,2026-06-10,864.0,908.0,803.0,819.0,100512220.0
2327,2026-06-11,850.0,861.0,761.0,842.0,121334804.0
2327,2026-06-12,919.0,919.0,852.0,855.0,90466919.0
2327,2026-06-15,921.0,940.0,921.0,940.0,42102101.0
2327,2026-06-16,970.0,1000.0,950.0,950.0,79608290.0
2327,2026-06-17,936.0,998.0,930.0,984.0,56180641.0
2327,2026-06-18,1015.0,1080.0,974.0,1080.0,93655965.0
2327,2026-06-22,1115.0,1120.0,1040.0,1065.0,62351693.0
2327,2026-06-23,1060.0,1085.0,1020.0,1020.0,46353029.0
2327,2026-06-24,1005.0,1075.0,985.0,1050.0,49108726.0
2327,2026-06-25,1070.0,1155.0,1040.0,1125.0,61345553.0
2327,2026-06-26,1100.0,1100.0,1015.0,1015.0,58156126.0
2327,2026-06-29,985.0,1065.0,979.0,1040.0,40955663.0
2327,2026-06-30,1065.0,1140.0,1045.0,1140.0,57942123.0
2327,2026-07-01,1200.0,1220.0,1130.0,1140.0,71542282.0
2327,2026-07-02,1095.0,1125.0,1040.0,1055.0,46303421.0
2327,2026-07-03,1010.0,1075.0,999.0,1045.0,44635306.0
2327,2026-07-06,1045.0,1055.0,985.0,1005.0,42912780.0
2327,2026-07-07,1000.0,1025.0,905.0,905.0,65596739.0
2327,2026-07-08,906.0,930.0,856.0,891.0,70899485.0
2327,2026-07-09,915.0,948.0,900.0,900.0,51406489.0
2327,2026-07-13,921.0,921.0,810.0,816.0,72043684.0
2327,2026-07-14,798.0,823.0,737.0,778.0,82779815.0
2327,2026-07-15,799.0,813.0,773.0,798.0,52243302.0
2327,2026-07-16,775.0,807.0,775.0,776.0,43167093.0
2327,2026-07-17,710.0,724.0,699.0,699.0,47311948.0
2327,2026-07-20,663.0,666.0,630.0,630.0,39385060.0
2327,2026-07-21,621.0,680.0,608.0,670.0,96163970.0
2327,2026-07-22,713.0,730.0,676.0,703.0,75283059.0
2327,2026-07-23,708.0,732.0,681.0,696.0,59707395.0
2327,2026-07-24,679.0,685.0,639.0,642.0,41798307.0
2327,2026-07-27,650.0,655.0,590.0,625.0,56857378.0
2327,2026-07-28,575.0,582.0,563.0,563.0,35712662.0
2327,2026-07-29,539.0,545.0,507.0,507.0,51708941.0
2327,2026-07-30,479.5,527.0,456.5,456.5,106828585.0
2327,2026-07-31,502.0,502.0,502.0,502.0,6398641.0
2327,2026-08-03,534.0,552.0,526.0,552.0,22438342.0
2327,2026-08-04,581.0,583.0,545.0,566.0,97625584.0
2327,2026-08-05,608.0,618.0,568.0,578.0,63678413.0
2327,2026-08-06,563.0,578.0,536.0,570.0,53296450.0
2327,2026-08-07,560.0,578.0,531.0,540.0,44277453.0
2327,2026-08-10,558.0,578.0,557.0,573.0,36354305.0
2327,2026-08-11,568.0,623.0,567.0,617.0,81650622.0
2327,2026-08-12,607.0,625.0,600.0,602.0,56066841.0
2327,2026-08-13,631.0,662.0,626.0,662.0,46850905.0
2327,2026-08-14,668.0,668.0,617.0,622.0,73827926.0
2327,2026-08-17,620.0,622.0,596.0,608.0,36648051.0
2327,2026-08-18,614.0,615.0,574.0,576.0,37659843.0
2327,2026-08-19,547.0,590.0,547.0,576.0,56295383.0
2327,2026-08-20,583.0,583.0,550.0,562.0,43070768.0
2327,2026-08-21,561.0,567.0,553.0,554.0,20632149.0
2327,2026-08-24,557.0,580.0,551.0,551.0,23354983.0
2327,2026-08-25,547.0,548.0,515.0,544.0,34567419.0
2327,2026-08-26,535.0,540.0,526.0,537.0,27582304.0
2327,2026-08-27,545.0,560.0,529.0,555.0,50182079.0
2327,2026-08-28,581.0,610.0,576.0,597.0,81106200.0
2327,2026-08-31,580.0,590.0,538.0,545.0,71750955.0
2327,2026-09-01,551.0,576.0,550.0,568.0,57762664.0
2327,2026-09-02,552.0,552.0,537.0,540.0,35836154.0
2327,2026-09-03,545.0,545.0,511.0,511.0,34250413.0
2327,2026-09-04,535.0,562.0,532.0,562.0,57702985.0
2327,2026-09-07,575.0,605.0,570.0,589.0,71286963.0
2327,2026-09-08,580.0,584.0,565.0,567.0,39419068.0
2327,2026-09-09,574.0,585.0,563.0,565.0,28243237.0
2327,2026-09-10,558.0,582.0,543.0,572.0,38051425.0
2327,2026-09-11,552.0,570.0,544.0,544.0,35558765.0
2327,2026-09-14,525.0,550.0,520.0,545.0,22504178.0
2327,2026-09-15,550.0,558.0,535.0,537.0,22575963.0
2327,2026-09-16,539.0,543.0,526.0,536.0,27854767.0
2327,2026-09-17,543.0,553.0,529.0,529.0,22992927.0
2327,2026-09-18,543.0,550.0,533.0,550.0,26963850.0
2327,2026-09-21,556.0,579.0,556.0,557.0,27387944.0
2327,2026-09-22,578.0,588.0,566.0,571.0,42736611.0
2327,2026-09-23,581.0,601.0,570.0,573.0,42588422.0
2327,2026-09-24,568.0,589.0,560.0,580.0,35926454.0
2327,2026-09-29,570.0,570.0,548.0,548.0,41164381.0
2327,2026-09-30,557.0,564.0,548.0,548.0,25009393.0
2330,2026-04-01,1840.0,1855.0,1830.0,1855.0,46457423.0
2330,2026-04-02,1865.0,1865.0,1805.0,1810.0,29332490.0
2330,2026-04-07,1850.0,1860.0,1835.0,1860.0,19895445.0
2330,2026-04-08,1935.0,1950.0,1925.0,1950.0,53813263.0
2330,2026-04-09,1945.0,1955.0,1930.0,1955.0,36054784.0
2330,2026-04-10,1975.0,2000.0,1970.0,2000.0,39096242.0
2330,2026-04-13,1985.0,1995.0,1975.0,1990.0,31882568.0
2330,2026-04-14,2015.0,2055.0,2010.0,2055.0,46188401.0
2330,2026-04-15,2065.0,2100.0,2060.0,2080.0,46824833.0
2330,2026-04-16,2080.0,2090.0,2055.0,2085.0,35974352.0
2330,2026-04-17,2055.0,2060.0,2030.0,2030.0,44433257.0
2330,2026-04-20,2030.0,2055.0,2025.0,2025.0,30566172.0
2330,2026-04-21,2050.0,2075.0,2045.0,2050.0,28055761.0
2330,2026-04-22,2045.0,2070.0,2040.0,2050.0,27457065.0
2330,2026-04-23,2090.0,2135.0,2055.0,2080.0,54918117.0
2330,2026-04-24,2110.0,2190.0,2105.0,2185.0,52391785.0
2330,2026-04-27,2280.0,2330.0,2265.0,2265.0,79778277.0
2330,2026-04-28,2245.0,2280.0,2215.0,2215.0,57336004.0
2330,2026-04-29,2175.0,2210.0,2165.0,2180.0,49147402.0
2330,2026-04-30,2205.0,2215.0,2135.0,2135.0,59584011.0
2330,2026-05-04,2200.0,2285.0,2195.0,2275.0,44458732.0
2330,2026-05-05,2250.0,2270.0,2240.0,2250.0,26644983.0
2330,2026-05-06,2250.0,2285.0,2240.0,2250.0,38026963.0
2330,2026-05-07,2335.0,2345.0,2310.0,2310.0,41966283.0
2330,2026-05-08,2300.0,2310.0,2265.0,2290.0,31730352.0
2330,2026-05-11,2265.0,2275.0,2235.0,2235.0,46172626.0
2330,2026-05-12,2235.0,2280.0,2210.0,2255.0,54239538.0
2330,2026-05-13,2205.0,2240.0,2205.0,2220.0,43727683.0
2330,2026-05-14,2250.0,2270.0,2230.0,2270.0,39564699.0
2330,2026-05-15,2310.0,2325.0,2250.0,2265.0,34360513.0
2330,2026-05-18,2225.0,2260.0,2215.0,2240.0,32966937.0
2330,2026-05-19,2220.0,2230.0,2205.0,2205.0,45585931.0
2330,2026-05-20,2205.0,2210.0,2185.0,2185.0,38332945.0
2330,2026-05-21,2240.0,2255.0,2230.0,2230.0,24929331.0
2330,2026-05-22,2245.0,2260.0,2225.0,2255.0,26823133.0
2330,2026-05-25,2275.0,2310.0,2275.0,2310.0,28250944.0
2330,2026-05-26,2320.0,2325.0,2270.0,2270.0,32781470.0
2330,2026-05-27,2310.0,2330.0,2290.0,2300.0,40272350.0
2330,2026-05-28,2350.0,2360.0,2270.0,2295.0,42313277.0
2330,2026-05-29,2340.0,2375.0,2330.0,2355.0,104783831.0
2330,2026-06-01,2355.0,2415.0,2350.0,2355.0,60942792.0
2330,2026-06-02,2390.0,2400.0,2360.0,2380.0,41532527.0
2330,2026-06-03,2425.0,2440.0,2410.0,2425.0,29219904.0
2330,2026-06-04,2385.0,2415.0,2385.0,2385.0,32542948.0
2330,2026-06-05,2395.0,2405.0,2350.0,2365.0,43403895.0
2330,2026-06-08,2230.0,2320.0,2230.0,2295.0,52273858.0
2330,2026-06-09,2305.0,2320.0,2295.0,2305.0,38847544.0
2330,2026-06-10,2285.0,2300.0,2255.0,2255.0,54194021.0
2330,2026-06-11,2240.0,2260.0,2210.0,2250.0,46417523.0
2330,2026-06-12,2325.0,2325.0,2290.0,2310.0,26306885.0
2330,2026-06-15,2360.0,2375.0,2345.0,2375.0,30228535.0
2330,2026-06-16,2375.0,2400.0,2350.0,2400.0,37145708.0
2330,2026-06-17,2355.0,2385.0,2350.0,2385.0,30059393.0
2330,2026-06-18,2395.0,2415.0,2385.0,2410.0,49982610.0
2330,2026-06-22,2455.0,2510.0,2455.0,2510.0,45207883.0
2330,2026-06-23,2510.0,2535.0,2490.0,2490.0,39537895.0
2330,2026-06-24,2435.0,2445.0,2390.0,2390.0,67304477.0
2330,2026-06-25,2410.0,2420.0,2390.0,2390.0,41099957.0
2330,2026-06-26,2360.0,2370.0,2325.0,2340.0,53800344.0
2330,2026-06-29,2330.0,2395.0,2330.0,2370.0,38133782.0
2330,2026-06-30,2440.0,2475.0,2410.0,2410.0,49540227.0
2330,2026-07-01,2495.0,2505.0,2475.0,2505.0,37544470.0
2330,2026-07-02,2450.0,2480.0,2445.0,2465.0,35919290.0
2330,2026-07-03,2415.0,2465.0,2415.0,2445.0,32905868.0
2330,2026-07-06,2465.0,2500.0,2455.0,2460.0,21041918.0
2330,2026-07-07,2480.0,2500.0,2440.0,2440.0,31400854.0
2330,2026-07-08,2445.0,2465.0,2420.0,2465.0,25519599.0
2330,2026-07-09,2450.0,2460.0,2415.0,2415.0,34681018.0
2330,2026-07-13,2460.0,2480.0,2440.0,2440.0,35310380.0
2330,2026-07-14,2410.0,2430.0,2390.0,2420.0,42857055.0
2330,2026-07-15,2425.0,2460.0,2415.0,2440.0,33665566.0
2330,2026-07-16,2430.0,2470.0,2420.0,2470.0,30538604.0
2330,2026-07-17,2375.0,2395.0,2290.0,2290.0,97362670.0
2330,2026-07-20,2300.0,2345.0,2300.0,2320.0,55790346.0
2330,2026-07-21,2350.0,2410.0,2345.0,2410.0,31605663.0
2330,2026-07-22,2440.0,2445.0,2385.0,2400.0,31653123.0
2330,2026-07-23,2385.0,2405.0,2370.0,2405.0,28001492.0
2330,2026-07-24,2355.0,2365.0,2345.0,2350.0,24810509.0
2330,2026-07-27,2330.0,2365.0,2330.0,2350.0,28939466.0
2330,2026-07-28,2270.0,2305.0,2270.0,2280.0,45333029.0
2330,2026-07-29,2260.0,2280.0,2180.0,2200.0,68139691.0
2330,2026-07-30,2205.0,2260.0,2190.0,2205.0,51372177.0
2330,2026-07-31,2350.0,2425.0,2345.0,2425.0,69478145.0
2330,2026-08-03,2390.0,2395.0,2365.0,2370.0,35209944.0
2330,2026-08-04,2335.0,2360.0,2310.0,2320.0,41021199.0
2330,2026-08-05,2385.0,2415.0,2370.0,2405.0,36782301.0
2330,2026-08-06,2395.0,2395.0,2360.0,2365.0,25536816.0
2330,2026-08-07,2390.0,2395.0,2355.0,2370.0,24414025.0
2330,2026-08-10,2390.0,2410.0,2380.0,2380.0,21498241.0
2330,2026-08-11,2390.0,2405.0,2375.0,2395.0,18247582.0
2330,2026-08-12,2405.0,2415.0,2390.0,2415.0,19448153.0
2330,2026-08-13,2440.0,2445.0,2425.0,2435.0,26233385.0
2330,2026-08-14,2435.0,2440.0,2395.0,2395.0,21162682.0
2330,2026-08-17,2410.0,2420.0,2390.0,2400.0,13482456.0
2330,2026-08-18,2415.0,2415.0,2375.0,2380.0,19997213.0
2330,2026-08-19,2340.0,2355.0,2335.0,2350.0,23618612.0
2330,2026-08-20,2365.0,2375.0,2350.0,2375.0,16967737.0
2330,2026-08-21,2375.0,2410.0,2365.0,2410.0,18922480.0
2330,2026-08-24,2410.0,2410.0,2375.0,2375.0,13073210.0
2330,2026-08-25,2355.0,2400.0,2350.0,2400.0,13538447.0
2330,2026-08-26,2375.0,2425.0,2375.0,2415.0,19467241.0
2330,2026-08-27,2430.0,2435.0,2410.0,2410.0,19214481.0
2330,2026-08-28,2440.0,2445.0,2410.0,2420.0,15025832.0
2330,2026-08-31,2395.0,2405.0,2375.0,2405.0,32792740.0
2330,2026-09-01,2395.0,2440.0,2390.0,2440.0,31855287.0
2330,2026-09-02,2415.0,2420.0,2385.0,2385.0,25151394.0
2330,2026-09-03,2385.0,2400.0,2380.0,2390.0,14252351.0
2330,2026-09-04,2415.0,2415.0,2390.0,2410.0,14102018.0
2330,2026-09-07,2435.0,2460.0,2430.0,2460.0,26898329.0
2330,2026-09-08,2465.0,2505.0,2460.0,2470.0,28931697.0
2330,2026-09-09,2480.0,2490.0,2460.0,2465.0,17798845.0
2330,2026-09-10,2445.0,2455.0,2435.0,2450.0,19835796.0
2330,2026-09-11,2430.0,2430.0,2405.0,2410.0,21131357.0
2330,2026-09-14,2385.0,2395.0,2380.0,2380.0,21520958.0
2330,2026-09-15,2405.0,2405.0,2380.0,2385.0,15215752.0
2330,2026-09-16,2375.0,2395.0,2375.0,2380.0,20919285.0
2330,2026-09-17,2405.0,2445.0,2400.0,2425.0,18116974.0
2330,2026-09-18,2460.0,2460.0,2435.0,2460.0,40892688.0
2330,2026-09-21,2445.0,2485.0,2445.0,2480.0,16086510.0
2330,2026-09-22,2505.0,2510.0,2460.0,2460.0,22009927.0
2330,2026-09-23,2475.0,2505.0,2475.0,2500.0,22817873.0
2330,2026-09-24,2480.0,2490.0,2470.0,2475.0,14557662.0
2330,2026-09-29,2475.0,2495.0,2475.0,2475.0,26893348.0
2330,2026-09-30,2495.0,2510.0,2480.0,2480.0,34282491.0
2357,2026-04-01,568.0,570.0,560.0,567.0,3100177.0
2357,2026-04-02,570.0,570.0,551.0,555.0,3384391.0
2357,2026-04-07,561.0,563.0,545.0,550.0,2709937.0
2357,2026-04-08,565.0,571.0,561.0,562.0,3447711.0
2357,2026-04-09,563.0,568.0,560.0,568.0,2442567.0
2357,2026-04-10,584.0,584.0,575.0,578.0,3617167.0
2357,2026-04-13,573.0,579.0,565.0,578.0,2913908.0
2357,2026-04-14,584.0,585.0,578.0,580.0,3431946.0
2357,2026-04-15,584.0,587.0,580.0,584.0,4199393.0
2357,2026-04-16,584.0,595.0,584.0,589.0,4191246.0
2357,2026-04-17,590.0,608.0,588.0,599.0,5743396.0
2357,2026-04-20,606.0,609.0,601.0,605.0,4113459.0
2357,2026-04-21,606.0,609.0,592.0,599.0,5134459.0
2357,2026-04-22,598.0,609.0,595.0,609.0,4673650.0
2357,2026-04-23,613.0,619.0,591.0,598.0,5700773.0
2357,2026-04-24,598.0,601.0,584.0,585.0,5501754.0
2357,2026-04-27,587.0,596.0,585.0,588.0,3081255.0
2357,2026-04-28,589.0,591.0,583.0,588.0,2335533.0
2357,2026-04-29,590.0,595.0,585.0,588.0,2430601.0
2357,2026-04-30,585.0,590.0,581.0,581.0,3074874.0
2357,2026-05-04,588.0,597.0,582.0,591.0,3911466.0
2357,2026-05-05,590.0,594.0,588.0,590.0,2560325.0
2357,2026-05-06,598.0,634.0,596.0,629.0,8876828.0
2357,2026-05-07,633.0,655.0,625.0,639.0,9859127.0
2357,2026-05-08,640.0,670.0,638.0,650.0,9024005.0
2357,2026-05-11,661.0,699.0,658.0,686.0,10283055.0
2357,2026-05-12,686.0,693.0,672.0,673.0,6512973.0
2357,2026-05-13,648.0,672.0,648.0,663.0,7182022.0
2357,2026-05-14,675.0,687.0,667.0,679.0,5612825.0
2357,2026-05-15,681.0,682.0,638.0,641.0,6804649.0
2357,2026-05-18,637.0,641.0,622.0,635.0,3968471.0
2357,2026-05-19,636.0,651.0,635.0,642.0,4896613.0
2357,2026-05-20,645.0,650.0,636.0,640.0,3822713.0
2357,2026-05-21,652.0,658.0,647.0,656.0,4814040.0
2357,2026-05-22,656.0,685.0,655.0,682.0,5480314.0
2357,2026-05-25,692.0,717.0,690.0,709.0,6899791.0
2357,2026-05-26,711.0,717.0,694.0,699.0,4568619.0
2357,2026-05-27,700.0,709.0,694.0,701.0,4222844.0
2357,2026-05-28,703.0,711.0,690.0,692.0,4308608.0
2357,2026-05-29,708.0,761.0,708.0,761.0,13953540.0
2357,2026-06-01,837.0,837.0,837.0,837.0,4445549.0
2357,2026-06-02,914.0,920.0,883.0,920.0,11557431.0
2357,2026-06-03,954.0,964.0,899.0,931.0,13575996.0
2357,2026-06-04,916.0,927.0,881.0,892.0,6988699.0
2357,2026-06-05,910.0,927.0,875.0,900.0,7938907.0
2357,2026-06-08,820.0,853.0,816.0,844.0,7306896.0
2357,2026-06-09,853.0,853.0,834.0,850.0,5184736.0
2357,2026-06-10,820.0,826.0,793.0,796.0,6712389.0
2357,2026-06-11,791.0,802.0,769.0,784.0,5245169.0
2357,2026-06-12,791.0,805.0,780.0,785.0,4371037.0
2357,2026-06-15,803.0,804.0,783.0,792.0,3780033.0
2357,2026-06-16,794.0,800.0,786.0,791.0,4159548.0
2357,2026-06-17,790.0,803.0,782.0,803.0,3336854.0
2357,2026-06-18,807.0,810.0,789.0,789.0,7939182.0
2357,2026-06-22,793.0,806.0,788.0,788.0,3442620.0
2357,2026-06-23,799.0,819.0,783.0,785.0,6495537.0
2357,2026-06-24,775.0,783.0,764.0,771.0,5156891.0
2357,2026-06-25,770.0,773.0,743.0,748.0,6101570.0
2357,2026-06-26,730.0,735.0,700.0,701.0,7061186.0
2357,2026-06-29,702.0,710.0,694.0,703.0,4626002.0
2357,2026-06-30,705.0,711.0,691.0,700.0,7495277.0
2357,2026-07-01,658.0,659.0,635.0,657.0,13522280.0
2357,2026-07-02,650.0,667.0,642.0,667.0,6248766.0
2357,2026-07-03,660.0,675.0,657.0,675.0,3325491.0
2357,2026-07-06,681.0,689.0,672.0,680.0,3352579.0
2357,2026-07-07,681.0,681.0,661.0,663.0,3751073.0
2357,2026-07-08,675.0,687.0,670.0,687.0,4853620.0
2357,2026-07-09,688.0,699.0,675.0,684.0,4811935.0
2357,2026-07-13,706.0,725.0,703.0,704.0,6768399.0
2357,2026-07-14,710.0,710.0,690.0,703.0,4883592.0
2357,2026-07-15,705.0,720.0,705.0,712.0,3769668.0
2357,2026-07-16,710.0,715.0,698.0,715.0,2700767.0
2357,2026-07-17,705.0,719.0,700.0,700.0,4776948.0
2357,2026-07-20,705.0,711.0,688.0,688.0,3669278.0
2357,2026-07-21,700.0,739.0,698.0,736.0,5540625.0
2357,2026-07-22,740.0,772.0,740.0,757.0,5556494.0
2357,2026-07-23,759.0,773.0,759.0,769.0,3640645.0
2357,2026-07-24,760.0,780.0,760.0,771.0,3099430.0
2357,2026-07-27,778.0,778.0,735.0,760.0,3709649.0
2357,2026-07-28,748.0,763.0,734.0,735.0,3774159.0
2357,2026-07-29,750.0,771.0,736.0,761.0,7000149.0
2357,2026-07-30,762.0,762.0,722.0,737.0,5046040.0
2357,2026-07-31,773.0,810.0,767.0,810.0,9733283.0
2357,2026-08-03,790.0,813.0,786.0,799.0,3979413.0
2357,2026-08-04,781.0,816.0,781.0,806.0,4052111.0
2357,2026-08-05,813.0,859.0,813.0,838.0,5273869.0
2357,2026-08-06,830.0,843.0,806.0,818.0,4064934.0
2357,2026-08-07,816.0,825.0,805.0,817.0,4616536.0
2357,2026-08-10,820.0,822.0,808.0,818.0,2749914.0
2357,2026-08-11,818.0,839.0,812.0,839.0,3062368.0
2357,2026-08-12,831.0,860.0,831.0,852.0,3093043.0
2357,2026-08-13,937.0,937.0,937.0,937.0,3760190.0
2357,2026-08-14,968.0,1025.0,966.0,996.0,16239913.0
2357,2026-08-17,985.0,986.0,921.0,938.0,5643928.0
2357,2026-08-18,930.0,933.0,891.0,910.0,4643243.0
2357,2026-08-19,896.0,925.0,891.0,925.0,2985654.0
2357,2026-08-20,928.0,940.0,906.0,913.0,3211887.0
2357,2026-08-21,913.0,923.0,906.0,921.0,1887246.0
2357,2026-08-24,919.0,939.0,916.0,923.0,1674244.0
2357,2026-08-25,921.0,925.0,901.0,925.0,1976790.0
2357,2026-08-26,923.0,980.0,919.0,971.0,3391704.0
2357,2026-08-27,966.0,977.0,962.0,968.0,1739150.0
2357,2026-08-28,975.0,981.0,955.0,965.0,1844300.0
2357,2026-08-31,962.0,1005.0,951.0,999.0,5187639.0
2357,2026-09-01,1000.0,1025.0,987.0,1010.0,5653878.0
2357,2026-09-02,1000.0,1020.0,993.0,1010.0,3736142.0
2357,2026-09-03,1020.0,1025.0,962.0,971.0,3213248.0
2357,2026-09-04,988.0,1030.0,986.0,1025.0,5102743.0
2357,2026-09-07,1025.0,1025.0,981.0,999.0,5002793.0
2357,2026-09-08,992.0,992.0,956.0,968.0,4968506.0
2357,2026-09-09,966.0,985.0,963.0,979.0,1855419.0
2357,2026-09-10,982.0,989.0,972.0,989.0,2481872.0
2357,2026-09-11,930.0,930.0,912.0,924.0,5904124.0
2357,2026-09-14,900.0,936.0,900.0,934.0,2899208.0
2357,2026-09-15,930.0,933.0,908.0,928.0,2598522.0
2357,2026-09-16,928.0,947.0,925.0,939.0,2547613.0
2357,2026-09-17,943.0,967.0,943.0,948.0,3407956.0
2357,2026-09-18,964.0,964.0,947.0,960.0,4548145.0
2357,2026-09-21,973.0,973.0,943.0,946.0,2037308.0
2357,2026-09-22,956.0,956.0,942.0,953.0,1339183.0
2357,2026-09-23,953.0,958.0,942.0,958.0,1349204.0
2357,2026-09-24,948.0,961.0,947.0,953.0,1296816.0
2357,2026-09-29,967.0,969.0,950.0,963.0,2455352.0
2357,2026-09-30,969.0,973.0,958.0,961.0,2057274.0
2408,2026-04-01,211.5,213.0,205.0,211.0,121908452.0
2408,2026-04-02,217.0,219.0,200.0,200.5,119851725.0
2408,2026-04-07,210.5,212.0,202.5,206.0,73353667.0
2408,2026-04-08,217.0,223.5,214.5,223.0,95259021.0
2408,2026-04-09,222.0,222.0,204.0,205.0,90700533.0
2408,2026-04-10,211.0,220.0,209.0,215.0,93633890.0
2408,2026-04-13,218.5,227.5,214.5,225.5,97513828.0
2408,2026-04-14,238.5,240.0,220.0,220.0,161560749.0
2408,2026-04-15,227.5,229.5,211.5,211.5,106926490.0
2408,2026-04-16,212.5,216.5,208.5,213.5,52962831.0
2408,2026-04-17,215.0,217.0,205.0,210.0,68274911.0
2408,2026-04-20,206.0,209.0,202.0,207.0,68203536.0
2408,2026-04-21,211.0,223.5,210.0,220.0,109825599.0
2408,2026-04-22,218.5,220.5,214.0,219.0,71110869.0
2408,2026-04-23,228.5,230.0,204.0,208.0,141103957.0
2408,2026-04-24,209.5,210.5,199.0,206.0,99650668.0
2408,2026-04-27,216.5,226.5,216.0,226.5,133442494.0
2408,2026-04-28,234.5,242.5,231.5,237.5,204983861.0
2408,2026-04-29,236.0,242.0,232.0,235.0,98792725.0
2408,2026-04-30,239.5,240.0,214.5,215.5,125666192.0
2408,2026-05-04,223.0,237.0,217.0,237.0,144354307.0
2408,2026-05-05,243.0,259.0,242.5,256.5,207567196.0
2408,2026-05-06,282.0,282.0,270.5,282.0,149468917.0
2408,2026-05-07,293.0,296.0,278.0,287.0,197355586.0
2408,2026-05-08,282.0,289.0,260.0,274.0,130863185.0
2408,2026-05-11,300.5,301.0,296.0,301.0,108987498.0
2408,2026-05-12,312.5,325.0,301.0,321.0,217595653.0
2408,2026-05-13,311.5,322.5,303.0,321.0,106103420.0
2408,2026-05-14,342.5,353.0,335.5,341.0,181771498.0
2408,2026-05-15,330.5,334.5,308.5,311.5,160442326.0
2408,2026-05-18,300.0,309.0,287.0,305.0,117077708.0
2408,2026-05-19,291.5,295.0,274.5,274.5,118906988.0
2408,2026-05-20,279.5,285.0,265.5,275.0,123868197.0
2408,2026-05-21,291.5,295.0,280.0,293.0,149826596.0
2408,2026-05-22,299.5,321.0,296.0,310.5,157819181.0
2408,2026-05-25,295.0,303.5,288.0,296.0,155862832.0
2408,2026-05-26,300.5,314.0,295.5,303.5,152949355.0
2408,2026-05-27,333.0,333.5,306.0,312.0,206216639.0
2408,2026-05-28,310.0,339.0,306.0,324.0,226715301.0
2408,2026-05-29,347.5,351.5,338.5,347.0,140975644.0
2408,2026-06-01,362.0,381.5,359.5,381.5,129059908.0
2408,2026-06-02,401.0,419.5,395.0,419.5,171631936.0
2408,2026-06-03,430.0,430.5,400.0,401.5,151116427.0
2408,2026-06-04,395.5,409.5,392.0,395.0,115749814.0
2408,2026-06-05,370.0,374.0,355.5,360.0,121599979.0
2408,2026-06-08,324.0,348.0,324.0,339.5,104497957.0
2408,2026-06-09,350.5,366.0,342.0,363.0,99865292.0
2408,2026-06-10,351.5,366.5,330.0,333.0,99760905.0
2408,2026-06-11,336.0,353.5,325.0,340.0,101519192.0
2408,2026-06-12,368.5,374.0,365.0,374.0,94572799.0
2408,2026-06-15,391.0,399.5,382.0,395.5,132122225.0
2408,2026-06-16,402.5,432.5,396.0,425.0,170526873.0
2408,2026-06-17,415.0,437.0,412.0,437.0,101278057.0
2408,2026-06-18,443.5,459.5,427.5,459.5,180896115.0
2408,2026-06-22,484.0,505.0,480.0,505.0,96419516.0
2408,2026-06-23,488.0,500.0,454.5,454.5,164235709.0
2408,2026-06-24,440.0,457.0,435.0,443.5,125390124.0
2408,2026-06-25,479.0,483.0,461.5,477.0,110549365.0
2408,2026-06-26,480.0,498.0,443.0,449.0,143165163.0
2408,2026-06-29,456.0,465.0,440.5,453.0,77020287.0
2408,2026-06-30,465.5,465.5,436.0,452.5,109257612.0
2408,2026-07-01,455.0,455.0,412.0,421.0,101276439.0
2408,2026-07-02,386.5,412.0,386.5,407.0,64561076.0
2408,2026-07-03,399.0,419.5,393.5,409.5,61733558.0
2408,2026-07-06,428.0,443.0,420.5,420.5,62093163.0
2408,2026-07-07,423.0,437.0,402.0,403.0,81670310.0
2408,2026-07-08,414.0,422.0,391.0,396.0,62959726.0
2408,2026-07-09,414.0,435.5,412.5,435.5,85459123.0
2408,2026-07-13,466.5,466.5,420.5,423.0,130554777.0
2408,2026-07-14,432.0,449.0,415.5,448.0,123272779.0
2408,2026-07-15,460.0,489.5,453.5,481.0,158461435.0
2408,2026-07-16,463.0,463.0,435.5,439.0,85483804.0
2408,2026-07-17,400.5,413.5,395.5,395.5,82626113.0
2408,2026-07-20,396.0,406.0,380.5,381.0,73602466.0
2408,2026-07-21,392.5,415.0,389.0,405.0,70570915.0
2408,2026-07-22,435.0,445.5,431.5,445.5,63907084.0
2408,2026-07-23,452.0,452.0,415.0,426.0,89386639.0
2408,2026-07-24,418.0,433.5,401.0,401.0,80045856.0
2408,2026-07-27,401.5,440.0,387.0,436.0,81191012.0
2408,2026-07-28,392.5,399.5,392.5,392.5,60940938.0
2408,2026-07-29,378.0,378.0,353.5,353.5,56513023.0
2408,2026-07-30,325.5,375.0,322.0,328.0,120154208.0
2408,2026-07-31,360.5,360.5,360.5,360.5,8135174.0
2408,2026-08-03,374.5,396.5,374.5,396.5,58799561.0
2408,2026-08-04,400.0,436.0,400.0,436.0,119676759.0
2408,2026-08-05,469.0,470.5,441.5,445.0,144425745.0
2408,2026-08-06,441.0,462.5,436.0,459.0,106681466.0
2408,2026-08-07,456.5,463.0,445.0,457.0,70547660.0
2408,2026-08-10,473.0,502.0,473.0,502.0,102644584.0
2408,2026-08-11,491.5,500.0,474.0,489.0,114281944.0
2408,2026-08-12,497.0,511.0,480.5,482.5,93648951.0
2408,2026-08-13,497.0,530.0,490.0,514.0,128574672.0
2408,2026-08-14,532.0,542.0,501.0,512.0,104565253.0
2408,2026-08-17,520.0,535.0,513.0,524.0,62243632.0
2408,2026-08-18,540.0,553.0,511.0,515.0,85565761.0
2408,2026-08-19,489.0,494.5,480.0,481.0,69157927.0
2408,2026-08-20,498.0,523.0,498.0,517.0,88103385.0
2408,2026-08-21,519.0,534.0,512.0,528.0,65354270.0
2408,2026-08-24,521.0,538.0,500.0,501.0,71724193.0
2408,2026-08-25,491.0,510.0,480.0,510.0,66841300.0
2408,2026-08-26,510.0,522.0,504.0,517.0,61614233.0
2408,2026-08-27,529.0,555.0,528.0,541.0,87535752.0
2408,2026-08-28,550.0,569.0,531.0,540.0,77043671.0
2408,2026-08-31,546.0,558.0,531.0,543.0,191074130.0
2408,2026-09-01,551.0,551.0,516.0,518.0,82818290.0
2408,2026-09-02,509.0,524.0,502.0,518.0,52916302.0
2408,2026-09-03,533.0,539.0,477.5,477.5,123832867.0
2408,2026-09-04,490.5,496.0,470.0,496.0,75118695.0
2408,2026-09-07,519.0,525.0,508.0,517.0,57088818.0
2408,2026-09-08,527.0,540.0,524.0,531.0,76221279.0
2408,2026-09-09,535.0,535.0,521.0,523.0,37518171.0
2408,2026-09-10,517.0,523.0,507.0,515.0,38162049.0
2408,2026-09-11,498.0,498.0,490.0,493.0,38482147.0
2408,2026-09-14,477.5,486.0,470.0,473.0,49215000.0
2408,2026-09-15,473.5,476.5,465.5,465.5,34239430.0
2408,2026-09-16,476.0,495.0,475.0,492.5,36437142.0
2408,2026-09-17,499.0,504.0,488.0,488.0,44996045.0
2408,2026-09-18,508.0,525.0,508.0,525.0,79512606.0
2408,2026-09-21,525.0,528.0,513.0,516.0,34499395.0
2408,2026-09-22,530.0,533.0,496.0,497.0,63282202.0
2408,2026-09-23,514.0,526.0,513.0,515.0,62507257.0
2408,2026-09-24,509.0,509.0,495.0,503.0,40244712.0
2408,2026-09-29,491.0,507.0,488.0,506.0,24966274.0
2408,2026-09-30,511.0,520.0,507.0,519.0,40070207.0
2454,2026-04-01,1550.0,1550.0,1460.0,1465.0,11745526.0
2454,2026-04-02,1500.0,1510.0,1445.0,1465.0,9301597.0
2454,2026-04-07,1480.0,1480.0,1430.0,1470.0,7645561.0
2454,2026-04-08,1520.0,1585.0,1505.0,1580.0,14575742.0
2454,2026-04-09,1600.0,1600.0,1550.0,1575.0,8422977.0
2454,2026-04-10,1600.0,1605.0,1570.0,1575.0,5738781.0
2454,2026-04-13,1645.0,1665.0,1620.0,1620.0,9234745.0
2454,2026-04-14,1645.0,1745.0,1640.0,1720.0,12902742.0
2454,2026-04-15,1805.0,1845.0,1770.0,1790.0,22780413.0
2454,2026-04-16,1850.0,1930.0,1810.0,1895.0,17931934.0
2454,2026-04-17,1930.0,1955.0,1885.0,1925.0,16759982.0
2454,2026-04-20,1960.0,1965.0,1895.0,1900.0,11656022.0
2454,2026-04-21,1930.0,2090.0,1925.0,2090.0,19459855.0
2454,2026-04-22,2120.0,2295.0,2110.0,2295.0,24343038.0
2454,2026-04-23,2325.0,2335.0,2170.0,2215.0,29760982.0
2454,2026-04-24,2340.0,2435.0,2330.0,2435.0,22985015.0
2454,2026-04-27,2470.0,2575.0,2410.0,2435.0,25538897.0
2454,2026-04-28,2490.0,2675.0,2485.0,2615.0,24314216.0
2454,2026-04-29,2550.0,2595.0,2500.0,2575.0,13156720.0
2454,2026-04-30,2665.0,2685.0,2565.0,2610.0,17532158.0
2454,2026-05-04,2870.0,2870.0,2870.0,2870.0,4019865.0
2454,2026-05-05,3155.0,3155.0,3155.0,3155.0,10091886.0
2454,2026-05-06,3470.0,3470.0,3155.0,3430.0,39638460.0
2454,2026-05-07,3430.0,3430.0,3295.0,3420.0,8465341.0
2454,2026-05-08,3320.0,3670.0,3320.0,3630.0,9525653.0
2454,2026-05-11,3575.0,3985.0,3565.0,3880.0,8690923.0
2454,2026-05-12,3835.0,3910.0,3700.0,3700.0,11090404.0
2454,2026-05-13,3625.0,3680.0,3400.0,3495.0,9694046.0
2454,2026-05-14,3585.0,3590.0,3385.0,3405.0,7103890.0
2454,2026-05-15,3425.0,3555.0,3200.0,3260.0,7341025.0
2454,2026-05-18,3240.0,3550.0,3150.0,3400.0,7040537.0
2454,2026-05-19,3475.0,3495.0,3100.0,3155.0,10055471.0
2454,2026-05-20,3195.0,3350.0,3155.0,3230.0,9296108.0
2454,2026-05-21,3415.0,3550.0,3405.0,3550.0,5983092.0
2454,2026-05-22,3765.0,3880.0,3675.0,3860.0,20839466.0
2454,2026-05-25,4245.0,4245.0,4245.0,4245.0,4616291.0
2454,2026-05-26,4375.0,4440.0,4180.0,4265.0,19540872.0
2454,2026-05-27,4475.0,4690.0,4450.0,4640.0,18260840.0
2454,2026-05-28,4620.0,4685.0,4270.0,4410.0,16433052.0
2454,2026-05-29,4460.0,4485.0,4235.0,4310.0,23109791.0
2454,2026-06-01,4440.0,4710.0,4440.0,4555.0,20083897.0
2454,2026-06-02,4970.0,4970.0,4380.0,4525.0,15626708.0
2454,2026-06-03,4540.0,4650.0,4420.0,4545.0,10480184.0
2454,2026-06-04,4600.0,4685.0,4430.0,4430.0,11204169.0
2454,2026-06-05,4360.0,4430.0,4130.0,4300.0,11919031.0
2454,2026-06-08,3935.0,4090.0,3935.0,4070.0,16219464.0
2454,2026-06-09,4180.0,4475.0,4130.0,4475.0,16487210.0
2454,2026-06-10,4315.0,4520.0,4120.0,4155.0,17412956.0
2454,2026-06-11,4085.0,4150.0,3880.0,4085.0,17556610.0
2454,2026-06-12,4410.0,4415.0,4165.0,4180.0,8765007.0
2454,2026-06-15,4355.0,4545.0,4350.0,4470.0,12014769.0
2454,2026-06-16,4550.0,4565.0,4415.0,4560.0,11309893.0
2454,2026-06-17,4495.0,4535.0,4380.0,4460.0,9197868.0
2454,2026-06-18,4535.0,4590.0,4375.0,4390.0,12997743.0
2454,2026-06-22,4385.0,4565.0,4380.0,4465.0,11596124.0
2454,2026-06-23,4720.0,4785.0,4515.0,4535.0,18449972.0
2454,2026-06-24,4480.0,4515.0,4225.0,4285.0,16421271.0
2454,2026-06-25,4400.0,4445.0,4215.0,4310.0,10274439.0
2454,2026-06-26,4150.0,4185.0,3880.0,3880.0,24916481.0
2454,2026-06-29,3870.0,4000.0,3825.0,3910.0,11358316.0
2454,2026-06-30,4145.0,4300.0,4060.0,4245.0,16095233.0
2454,2026-07-01,4315.0,4380.0,4225.0,4335.0,10163517.0
2454,2026-07-02,4200.0,4380.0,4150.0,4345.0,8544133.0
2454,2026-07-03,4160.0,4230.0,4120.0,4195.0,12778372.0
2454,2026-07-06,4250.0,4325.0,4110.0,4125.0,6897420.0
2454,2026-07-07,4200.0,4250.0,3955.0,4030.0,9083409.0
2454,2026-07-08,4000.0,4040.0,3955.0,3995.0,6728233.0
2454,2026-07-09,3970.0,4050.0,3925.0,3925.0,7370647.0
2454,2026-07-13,4095.0,4095.0,3825.0,3825.0,7033208.0
2454,2026-07-14,3830.0,3860.0,3515.0,3660.0,12479607.0
2454,2026-07-15,3790.0,3790.0,3665.0,3740.0,7313796.0
2454,2026-07-16,3735.0,3755.0,3620.0,3700.0,6009689.0
2454,2026-07-17,3470.0,3570.0,3370.0,3370.0,10967157.0
2454,2026-07-20,3355.0,3435.0,3240.0,3340.0,9227986.0
2454,2026-07-21,3435.0,3670.0,3410.0,3670.0,7741511.0
2454,2026-07-22,4000.0,4000.0,3830.0,3850.0,13766807.0
2454,2026-07-23,3950.0,4050.0,3850.0,3875.0,8514494.0
2454,2026-07-24,3805.0,4010.0,3750.0,3750.0,8980102.0
2454,2026-07-27,3655.0,3710.0,3525.0,3680.0,9134283.0
2454,2026-07-28,3425.0,3460.0,3315.0,3315.0,11958794.0
2454,2026-07-29,3315.0,3335.0,2990.0,3150.0,16174122.0
2454,2026-07-30,3145.0,3410.0,3060.0,3235.0,14125689.0
2454,2026-07-31,3555.0,3555.0,3555.0,3555.0,4033014.0
2454,2026-08-03,3910.0,3910.0,3780.0,3910.0,7516212.0
2454,2026-08-04,4095.0,4095.0,3800.0,3865.0,17318591.0
2454,2026-08-05,4095.0,4125.0,3980.0,4000.0,12935125.0
2454,2026-08-06,4100.0,4100.0,3905.0,3920.0,7213332.0
2454,2026-08-07,3990.0,4010.0,3825.0,3900.0,6607003.0
2454,2026-08-10,3920.0,3995.0,3915.0,3960.0,5872851.0
2454,2026-08-11,3900.0,4050.0,3810.0,4020.0,7709240.0
2454,2026-08-12,3950.0,4030.0,3950.0,4015.0,6018155.0
2454,2026-08-13,4130.0,4295.0,4115.0,4225.0,12263926.0
2454,2026-08-14,4400.0,4400.0,4205.0,4210.0,10696134.0
2454,2026-08-17,4205.0,4225.0,4025.0,4050.0,10559715.0
2454,2026-08-18,4020.0,4050.0,3885.0,3885.0,9323808.0
2454,2026-08-19,3750.0,3910.0,3750.0,3845.0,7036521.0
2454,2026-08-20,3820.0,3870.0,3675.0,3700.0,13213952.0
2454,2026-08-21,3725.0,3810.0,3695.0,3790.0,6657464.0
2454,2026-08-24,3820.0,3825.0,3745.0,3765.0,3321459.0
2454,2026-08-25,3725.0,3735.0,3655.0,3735.0,5403340.0
2454,2026-08-26,3730.0,3965.0,3710.0,3945.0,8370053.0
2454,2026-08-27,4005.0,4005.0,3865.0,3865.0,5702912.0
2454,2026-08-28,3935.0,4000.0,3925.0,3985.0,5064877.0
2454,2026-08-31,3885.0,3945.0,3820.0,3925.0,7222243.0
2454,2026-09-01,4315.0,4315.0,4315.0,4315.0,4931652.0
2454,2026-09-02,4450.0,4565.0,4230.0,4275.0,23567252.0
2454,2026-09-03,4400.0,4420.0,4290.0,4340.0,9510164.0
2454,2026-09-04,4435.0,4490.0,4340.0,4415.0,9051589.0
2454,2026-09-07,4500.0,4855.0,4485.0,4760.0,17178200.0
2454,2026-09-08,4800.0,4830.0,4685.0,4710.0,6511906.0
2454,2026-09-09,4780.0,4780.0,4625.0,4625.0,5400794.0
2454,2026-09-10,4560.0,4730.0,4520.0,4720.0,6662243.0
2454,2026-09-11,4635.0,4655.0,4535.0,4585.0,7591878.0
2454,2026-09-14,4475.0,4650.0,4435.0,4560.0,6122500.0
2454,2026-09-15,4505.0,4575.0,4430.0,4430.0,6209254.0
2454,2026-09-16,4435.0,4625.0,4435.0,4530.0,6640865.0
2454,2026-09-17,4565.0,4700.0,4500.0,4500.0,6495763.0
2454,2026-09-18,4600.0,4735.0,4545.0,4710.0,10365174.0
2454,2026-09-21,4800.0,5035.0,4780.0,5010.0,11237165.0
2454,2026-09-22,5280.0,5480.0,5150.0,5180.0,12131543.0
2454,2026-09-23,5220.0,5265.0,5140.0,5185.0,6430491.0
2454,2026-09-24,5105.0,5360.0,5105.0,5285.0,7817443.0
2454,2026-09-29,5150.0,5195.0,4890.0,4910.0,13758267.0
2454,2026-09-30,5010.0,5100.0,4920.0,4920.0,8292336.0
3017,2026-04-01,2120.0,2135.0,2065.0,2110.0,4034786.0
3017,2026-04-02,2140.0,2150.0,2065.0,2070.0,3100871.0
3017,2026-04-07,2150.0,2175.0,2015.0,2030.0,4775019.0
3017,2026-04-08,2200.0,2230.0,2150.0,2230.0,3868944.0
3017,2026-04-09,2260.0,2290.0,2200.0,2235.0,4576820.0
3017,2026-04-10,2305.0,2320.0,2230.0,2265.0,3201925.0
3017,2026-04-13,2280.0,2280.0,2185.0,2200.0,3120709.0
3017,2026-04-14,2260.0,2345.0,2260.0,2310.0,3772108.0
3017,2026-04-15,2375.0,2375.0,2310.0,2325.0,3238805.0
3017,2026-04-16,2380.0,2515.0,2365.0,2440.0,4611118.0
3017,2026-04-17,2435.0,2485.0,2375.0,2400.0,3933545.0
3017,2026-04-20,2410.0,2515.0,2395.0,2490.0,3547518.0
3017,2026-04-21,2560.0,2585.0,2450.0,2565.0,4107167.0
3017,2026-04-22,2585.0,2800.0,2580.0,2695.0,5151543.0
3017,2026-04-23,2770.0,2875.0,2585.0,2680.0,6812966.0
3017,2026-04-24,2770.0,2945.0,2760.0,2945.0,5243084.0
3017,2026-04-27,2990.0,3010.0,2820.0,2835.0,6583986.0
3017,2026-04-28,2885.0,2990.0,2755.0,2780.0,5933190.0
3017,2026-04-29,2735.0,2895.0,2735.0,2835.0,4122743.0
3017,2026-04-30,2840.0,2870.0,2805.0,2835.0,3420271.0
3017,2026-05-04,2920.0,2975.0,2815.0,2885.0,3728835.0
3017,2026-05-05,2815.0,2845.0,2655.0,2705.0,8453094.0
3017,2026-05-06,2680.0,2685.0,2435.0,2435.0,11438234.0
3017,2026-05-07,2445.0,2500.0,2380.0,2415.0,11314013.0
3017,2026-05-08,2405.0,2500.0,2350.0,2445.0,5937295.0
3017,2026-05-11,2485.0,2590.0,2455.0,2555.0,6204661.0
3017,2026-05-12,2625.0,2625.0,2520.0,2520.0,5010847.0
3017,2026-05-13,2545.0,2625.0,2500.0,2585.0,6267261.0
3017,2026-05-14,2700.0,2775.0,2555.0,2555.0,7168071.0
3017,2026-05-15,2690.0,2735.0,2445.0,2455.0,6646560.0
3017,2026-05-18,2350.0,2435.0,2300.0,2410.0,4751185.0
3017,2026-05-19,2455.0,2470.0,2370.0,2390.0,3542685.0
3017,2026-05-20,2425.0,2435.0,2325.0,2340.0,3568975.0
3017,2026-05-21,2445.0,2515.0,2415.0,2495.0,3762794.0
3017,2026-05-22,2550.0,2610.0,2470.0,2545.0,5501063.0
3017,2026-05-25,2625.0,2640.0,2545.0,2575.0,5688149.0
3017,2026-05-26,2590.0,2750.0,2570.0,2725.0,6239924.0
3017,2026-05-27,2800.0,2835.0,2695.0,2700.0,4384212.0
3017,2026-05-28,2740.0,2795.0,2540.0,2580.0,5097423.0
3017,2026-05-29,2680.0,2730.0,2615.0,2665.0,9351169.0
3017,2026-06-01,2705.0,2835.0,2705.0,2785.0,5090031.0
3017,2026-06-02,2800.0,2835.0,2650.0,2700.0,4220815.0
3017,2026-06-03,2750.0,2965.0,2700.0,2855.0,6908395.0
3017,2026-06-04,2805.0,2820.0,2675.0,2710.0,4446507.0
3017,2026-06-05,2680.0,2680.0,2505.0,2600.0,4900550.0
3017,2026-06-08,2340.0,2570.0,2340.0,2570.0,4356915.0
3017,2026-06-09,2575.0,2575.0,2440.0,2545.0,6361937.0
3017,2026-06-10,2490.0,2505.0,2350.0,2360.0,5878553.0
3017,2026-06-11,2340.0,2445.0,2260.0,2335.0,4531372.0
3017,2026-06-12,2465.0,2480.0,2380.0,2405.0,2490291.0
3017,2026-06-15,2475.0,2475.0,2410.0,2410.0,2107865.0
3017,2026-06-16,2455.0,2470.0,2370.0,2370.0,3025487.0
3017,2026-06-17,2365.0,2440.0,2330.0,2365.0,3829529.0
3017,2026-06-18,2400.0,2425.0,2365.0,2400.0,3318114.0
3017,2026-06-22,2465.0,2490.0,2380.0,2420.0,3254412.0
3017,2026-06-23,2455.0,2475.0,2400.0,2425.0,3079821.0
3017,2026-06-24,2355.0,2590.0,2335.0,2530.0,6494281.0
3017,2026-06-25,2595.0,2635.0,2485.0,2505.0,3833150.0
3017,2026-06-26,2475.0,2475.0,2255.0,2255.0,6567236.0
3017,2026-06-29,2220.0,2315.0,2220.0,2300.0,3084014.0
3017,2026-06-30,2380.0,2530.0,2370.0,2525.0,4835330.0
3017,2026-07-01,2615.0,2665.0,2500.0,2620.0,5567033.0
3017,2026-07-02,2565.0,2745.0,2525.0,2740.0,5061323.0
3017,2026-07-03,2690.0,2780.0,2665.0,2760.0,4659120.0
3017,2026-07-06,2790.0,2790.0,2615.0,2670.0,3733969.0
3017,2026-07-07,2670.0,2670.0,2410.0,2450.0,4349877.0
3017,2026-07-08,2425.0,2440.0,2290.0,2325.0,4441500.0
3017,2026-07-09,2380.0,2435.0,2335.0,2350.0,2889551.0
3017,2026-07-13,2420.0,2420.0,2210.0,2225.0,2704759.0
3017,2026-07-14,2185.0,2220.0,2015.0,2120.0,4396274.0
3017,2026-07-15,2140.0,2200.0,2120.0,2165.0,2129895.0
3017,2026-07-16,2275.0,2290.0,2155.0,2225.0,4220745.0
3017,2026-07-17,2160.0,2335.0,2145.0,2200.0,5543230.0
3017,2026-07-20,2210.0,2240.0,2015.0,2135.0,4416999.0
3017,2026-07-21,2190.0,2340.0,2175.0,2320.0,3736446.0
3017,2026-07-22,2385.0,2390.0,2255.0,2265.0,4356001.0
3017,2026-07-23,2350.0,2490.0,2350.0,2440.0,7157581.0
3017,2026-07-24,2375.0,2510.0,2355.0,2380.0,4515686.0
3017,2026-07-27,2375.0,2420.0,2310.0,2400.0,2367643.0
3017,2026-07-28,2285.0,2325.0,2225.0,2240.0,3173558.0
3017,2026-07-29,2225.0,2245.0,2020.0,2095.0,6379050.0
3017,2026-07-30,2055.0,2200.0,2030.0,2110.0,4483632.0
3017,2026-07-31,2320.0,2320.0,2275.0,2320.0,2498885.0
3017,2026-08-03,2400.0,2550.0,2400.0,2550.0,4533982.0
3017,2026-08-04,2595.0,2675.0,2560.0,2600.0,5548736.0
3017,2026-08-05,2660.0,2775.0,2640.0,2730.0,5823988.0
3017,2026-08-06,2730.0,2965.0,2730.0,2940.0,9418730.0
3017,2026-08-07,2935.0,2935.0,2750.0,2785.0,4140360.0
3017,2026-08-10,2865.0,2890.0,2755.0,2765.0,3326767.0
3017,2026-08-11,2705.0,2800.0,2625.0,2760.0,3159103.0
3017,2026-08-12,2765.0,2915.0,2755.0,2910.0,4218037.0
3017,2026-08-13,3030.0,3200.0,2925.0,3200.0,10569479.0
3017,2026-08-14,3250.0,3320.0,3170.0,3235.0,7354711.0
3017,2026-08-17,3230.0,3230.0,3115.0,3150.0,3126245.0
3017,2026-08-18,3150.0,3180.0,2990.0,3035.0,3613625.0
3017,2026-08-19,2915.0,3160.0,2900.0,3095.0,3982151.0
3017,2026-08-20,3175.0,3175.0,2925.0,2985.0,3219927.0
3017,2026-08-21,2995.0,3035.0,2850.0,2865.0,2515057.0
3017,2026-08-24,2865.0,2935.0,2830.0,2855.0,2274318.0
3017,2026-08-25,2835.0,2950.0,2740.0,2950.0,2905308.0
3017,2026-08-26,2880.0,3155.0,2850.0,3155.0,5242984.0
3017,2026-08-27,3305.0,3440.0,3265.0,3340.0,6114908.0
3017,2026-08-28,3360.0,3450.0,3320.0,3360.0,4035280.0
3017,2026-08-31,3280.0,3425.0,3250.0,3425.0,4468442.0
3017,2026-09-01,3435.0,3465.0,3350.0,3410.0,3084829.0
3017,2026-09-02,3365.0,3490.0,3280.0,3310.0,3136748.0
3017,2026-09-03,3395.0,3525.0,3290.0,3300.0,4418016.0
3017,2026-09-04,3465.0,3570.0,3410.0,3570.0,4515440.0
3017,2026-09-07,3595.0,3595.0,3410.0,3420.0,3303272.0
3017,2026-09-08,3455.0,3455.0,3245.0,3285.0,3350997.0
3017,2026-09-09,3285.0,3395.0,3265.0,3380.0,2364600.0
3017,2026-09-10,3405.0,3470.0,3380.0,3460.0,2574023.0
3017,2026-09-11,3360.0,3390.0,3300.0,3370.0,2111512.0
3017,2026-09-14,3255.0,3360.0,3210.0,3310.0,2215371.0
3017,2026-09-15,3265.0,3300.0,3100.0,3115.0,3217593.0
3017,2026-09-16,3115.0,3225.0,3100.0,3175.0,2744795.0
3017,2026-09-17,3285.0,3350.0,3175.0,3185.0,3034388.0
3017,2026-09-18,3345.0,3450.0,3290.0,3430.0,3785048.0
3017,2026-09-21,3480.0,3495.0,3365.0,3415.0,1743425.0
3017,2026-09-22,3500.0,3505.0,3385.0,3390.0,2288258.0
3017,2026-09-23,3425.0,3590.0,3410.0,3470.0,2649367.0
3017,2026-09-24,3460.0,3600.0,3455.0,3555.0,2261001.0
3017,2026-09-29,3420.0,3460.0,3285.0,3400.0,3928028.0
3017,2026-09-30,3455.0,3575.0,3405.0,3435.0,3653169.0
3042,2026-04-01,95.5,96.2,93.6,93.9,3351089.0
3042,2026-04-02,94.0,94.2,91.4,91.8,1770224.0
3042,2026-04-07,92.8,94.7,92.7,94.0,3639721.0
3042,2026-04-08,95.9,98.5,94.9,98.0,5910767.0
3042,2026-04-09,98.8,107.5,97.6,107.5,11944981.0
3042,2026-04-10,115.0,118.0,105.0,118.0,37828101.0
3042,2026-04-13,127.5,129.5,120.5,129.5,17751072.0
3042,2026-04-14,138.0,142.0,128.5,133.5,50693879.0
3042,2026-04-15,133.0,133.0,125.0,130.5,20829776.0
3042,2026-04-16,131.5,142.0,131.0,140.0,10599216.0
3042,2026-04-17,143.0,152.0,139.0,151.5,10196671.0
3042,2026-04-20,166.5,166.5,162.5,166.5,7445993.0
3042,2026-04-21,162.0,171.0,160.0,166.5,5352598.0
3042,2026-04-22,163.0,169.5,163.0,167.0,2312659.0
3042,2026-04-23,170.0,172.0,150.5,153.0,4125502.0
3042,2026-04-24,155.0,155.0,138.0,144.5,4761517.0
3042,2026-04-27,144.0,144.0,133.0,140.0,3981891.0
3042,2026-04-28,145.0,150.0,145.0,149.5,3170746.0
3042,2026-04-29,152.5,162.0,152.5,157.5,4525471.0
3042,2026-04-30,160.0,160.0,150.0,153.0,2506834.0
3042,2026-05-04,156.5,166.0,154.0,166.0,2477115.0
3042,2026-05-05,166.0,166.0,164.0,165.5,2095217.0
3042,2026-05-06,172.0,174.0,149.0,150.5,20181936.0
3042,2026-05-07,158.0,165.0,153.0,163.0,21623210.0
3042,2026-05-08,167.0,168.0,148.0,154.0,17578039.0
3042,2026-05-11,150.0,159.0,140.5,155.5,17011547.0
3042,2026-05-12,157.0,157.0,146.5,149.5,11995825.0
3042,2026-05-13,147.0,153.5,144.0,146.5,8618510.0
3042,2026-05-14,148.0,149.5,142.0,149.5,12787426.0
3042,2026-05-15,147.5,155.0,142.0,144.0,17148364.0
3042,2026-05-18,142.5,149.5,138.0,147.0,16677357.0
3042,2026-05-19,147.0,149.5,143.0,148.0,7322142.0
3042,2026-05-20,147.5,155.5,145.0,148.0,21518847.0
3042,2026-05-21,154.0,162.5,151.5,160.0,32669645.0
3042,2026-05-22,165.5,176.0,161.0,176.0,31527773.0
3042,2026-05-25,193.5,193.5,193.5,193.5,2292251.0
3042,2026-05-26,209.0,212.0,182.0,203.0,50022508.0
3042,2026-05-27,220.0,221.5,192.0,198.0,28448686.0
3042,2026-05-28,205.0,217.5,205.0,217.5,20696164.0
3042,2026-05-29,222.0,228.0,212.0,215.5,46795998.0
3042,2026-06-01,217.0,227.5,198.0,202.5,34913998.0
3042,2026-06-02,198.5,212.5,196.5,210.0,23254077.0
3042,2026-06-03,225.0,231.0,213.5,217.5,48213161.0
3042,2026-06-04,210.0,220.0,204.5,208.0,14603000.0
3042,2026-06-05,203.5,216.0,195.0,212.0,15946082.0
3042,2026-06-08,191.0,217.0,191.0,210.5,22132239.0
3042,2026-06-09,213.0,231.5,207.0,228.5,65055380.0
3042,2026-06-10,230.0,245.0,211.0,214.0,91570449.0
3042,2026-06-11,220.0,235.0,218.0,235.0,47042100.0
3042,2026-06-12,244.5,247.0,224.5,224.5,73461773.0
3042,2026-06-15,231.5,246.5,231.0,243.5,48812457.0
3042,2026-06-16,240.5,247.0,222.0,229.0,39929930.0
3042,2026-06-17,226.0,234.0,218.0,224.0,28679705.0
3042,2026-06-18,225.0,229.0,215.0,216.0,32055902.0
3042,2026-06-22,212.5,212.5,195.5,198.0,46094673.0
3042,2026-06-23,198.5,202.0,190.0,190.5,23484664.0
3042,2026-06-24,188.0,193.0,184.5,190.5,18294461.0
3042,2026-06-25,192.0,194.5,185.0,187.0,12694079.0
3042,2026-06-26,187.5,203.5,185.5,193.0,33105189.0
3042,2026-06-29,194.5,194.5,183.0,185.5,16273016.0
3042,2026-06-30,188.0,192.0,180.5,187.5,13335895.0
3042,2026-07-01,201.5,206.0,199.5,206.0,14118705.0
3042,2026-07-02,200.0,226.5,196.0,226.5,74769157.0
3042,2026-07-03,229.5,249.0,224.5,249.0,93064180.0
3042,2026-07-06,250.0,250.0,224.5,224.5,57561676.0
3042,2026-07-07,224.5,234.0,208.0,210.0,37448240.0
3042,2026-07-08,215.0,220.5,205.0,206.0,40636545.0
3042,2026-07-09,207.5,210.5,198.0,200.0,15918723.0
3042,2026-07-13,200.5,204.5,193.5,193.5,12544973.0
3042,2026-07-14,193.0,194.5,179.0,185.0,13985165.0
3042,2026-07-15,190.0,191.0,183.5,189.5,9836240.0
3042,2026-07-16,189.5,198.0,185.5,186.5,26324600.0
3042,2026-07-17,177.5,179.5,168.0,168.5,12317985.0
3042,2026-07-20,165.5,166.5,153.5,157.0,12292397.0
3042,2026-07-21,160.0,171.5,157.0,168.0,14128211.0
3042,2026-07-22,173.0,177.5,167.5,169.0,12424300.0
3042,2026-07-23,170.0,171.5,162.0,164.5,7564470.0
3042,2026-07-24,162.5,170.0,160.0,165.0,9221887.0
3042,2026-07-27,163.0,165.0,154.5,158.5,10998687.0
3042,2026-07-28,152.5,155.0,148.0,149.5,9120656.0
3042,2026-07-29,147.5,150.5,135.0,136.5,12128012.0
3042,2026-07-30,136.5,146.5,134.0,137.0,12238064.0
3042,2026-07-31,150.0,150.5,142.5,149.5,24032470.0
3042,2026-08-03,148.0,162.5,146.0,154.5,19961838.0
3042,2026-08-04,157.0,169.5,156.0,169.5,18717263.0
3042,2026-08-05,171.0,182.5,169.5,177.0,23363585.0
3042,2026-08-06,177.5,178.5,169.5,174.0,9115442.0
3042,2026-08-07,176.0,178.0,167.0,168.0,12009655.0
3042,2026-08-10,181.5,184.0,173.5,180.5,14146914.0
3042,2026-08-11,178.0,187.0,177.0,179.0,12183522.0
3042,2026-08-12,179.0,185.0,175.5,181.5,13464133.0
3042,2026-08-13,183.0,196.5,182.0,186.5,18458735.0
3042,2026-08-14,185.0,187.5,179.0,180.5,9605074.0
3042,2026-08-17,187.0,196.5,184.5,195.5,28326597.0
3042,2026-08-18,192.0,192.5,176.0,178.5,23920588.0
3042,2026-08-19,173.0,190.5,172.5,186.0,20471704.0
3042,2026-08-20,193.5,200.0,179.0,188.5,34753239.0
3042,2026-08-21,187.5,202.0,187.5,190.0,38491497.0
3042,2026-08-24,186.5,187.5,177.5,177.5,12007976.0
3042,2026-08-25,176.0,185.5,172.5,185.0,7052684.0
3042,2026-08-26,180.5,188.5,180.0,185.5,12500262.0
3042,2026-08-27,187.0,197.0,184.0,192.0,17243496.0
3042,2026-08-28,192.0,197.0,186.5,188.5,15750113.0
3042,2026-08-31,186.0,187.5,182.0,185.5,13292309.0
3042,2026-09-01,186.0,190.5,181.5,182.0,17544015.0
3042,2026-09-02,181.5,186.0,178.0,180.0,9702955.0
3042,2026-09-03,181.0,181.5,171.0,174.0,10757015.0
3042,2026-09-04,177.5,179.0,170.0,173.5,6407392.0
3042,2026-09-07,175.0,180.0,172.5,176.5,8521357.0
3042,2026-09-08,178.0,181.0,171.5,172.0,5736921.0
3042,2026-09-09,180.0,188.5,178.0,184.5,20317492.0
3042,2026-09-10,180.0,182.0,171.5,180.5,17498646.0
3042,2026-09-11,176.0,178.0,173.5,176.0,6057403.0
3042,2026-09-14,173.0,180.0,171.5,178.0,6149550.0
3042,2026-09-15,175.0,186.0,175.0,181.0,8407802.0
3042,2026-09-16,183.0,189.0,181.5,185.5,13592217.0
3042,2026-09-17,186.0,190.5,178.5,178.5,12530454.0
3042,2026-09-18,183.0,187.5,182.0,184.5,10365783.0
3042,2026-09-21,186.5,186.5,183.0,183.5,4002497.0
3042,2026-09-22,186.5,188.0,183.5,183.5,6734712.0
3042,2026-09-23,186.5,201.5,179.0,198.0,33266958.0
3042,2026-09-24,196.0,212.0,189.0,203.0,41859153.0
3042,2026-09-29,214.5,222.5,205.0,208.5,34407830.0
3042,2026-09-30,208.5,218.5,206.0,210.0,26893773.0
3189,2026-04-01,335.0,335.0,321.0,332.0,7162420.0
3189,2026-04-02,342.0,352.0,323.5,336.0,8260441.0
3189,2026-04-07,350.0,366.0,350.0,358.5,9917650.0
3189,2026-04-08,391.5,394.0,381.5,394.0,15644754.0
3189,2026-04-09,393.0,408.0,380.5,387.0,51903063.0
3189,2026-04-10,399.5,400.0,373.0,381.0,25688029.0
3189,2026-04-13,379.0,381.0,360.5,366.5,24114477.0
3189,2026-04-14,375.0,386.0,366.0,371.0,26463388.0
3189,2026-04-15,376.5,399.0,363.5,383.5,42021402.0
3189,2026-04-16,389.0,402.5,377.5,393.5,43262498.0
3189,2026-04-17,395.0,405.0,391.0,391.5,27129642.0
3189,2026-04-20,397.0,430.5,396.0,430.5,33909184.0
3189,2026-04-21,453.0,473.5,446.0,473.5,38001566.0
3189,2026-04-22,496.0,509.0,484.5,491.5,53118820.0
3189,2026-04-23,496.0,509.0,453.0,479.0,58632149.0
3189,2026-04-24,499.0,526.0,498.5,526.0,57209204.0
3189,2026-04-27,546.0,555.0,502.0,515.0,54177803.0
3189,2026-04-28,521.0,538.0,496.0,508.0,44138536.0
3189,2026-04-29,508.0,516.0,490.0,508.0,24948151.0
3189,2026-04-30,516.0,556.0,510.0,528.0,49392113.0
3189,2026-05-04,544.0,544.0,512.0,531.0,24877312.0
3189,2026-05-05,530.0,541.0,521.0,527.0,15100395.0
3189,2026-05-06,532.0,537.0,475.0,482.5,32577765.0
3189,2026-05-07,486.5,506.0,478.0,492.5,21099853.0
3189,2026-05-08,487.0,487.5,445.5,458.0,28689133.0
3189,2026-05-11,475.0,503.0,468.0,503.0,26643811.0
3189,2026-05-12,525.0,532.0,494.0,494.0,29425571.0
3189,2026-05-13,482.0,516.0,481.5,497.5,24218373.0
3189,2026-05-14,506.0,540.0,488.0,522.0,45244266.0
3189,2026-05-15,536.0,537.0,480.0,486.0,33389422.0
3189,2026-05-18,472.0,510.0,460.0,505.0,20228783.0
3189,2026-05-19,515.0,530.0,497.0,513.0,37470963.0
3189,2026-05-20,513.0,520.0,481.0,504.0,39836206.0
3189,2026-05-21,540.0,554.0,531.0,554.0,35212876.0
3189,2026-05-22,588.0,609.0,588.0,609.0,11454728.0
3189,2026-05-25,664.0,669.0,660.0,669.0,8536899.0
3189,2026-05-26,670.0,719.0,654.0,696.0,50429815.0
3189,2026-05-27,726.0,764.0,693.0,702.0,30662886.0
3189,2026-05-28,702.0,702.0,654.0,681.0,8187338.0
3189,2026-05-29,707.0,746.0,704.0,729.0,7357595.0
3189,2026-06-01,740.0,775.0,740.0,774.0,6218324.0
3189,2026-06-02,778.0,778.0,710.0,743.0,6753281.0
3189,2026-06-03,740.0,749.0,730.0,739.0,4661433.0
3189,2026-06-04,706.0,720.0,681.0,692.0,6144218.0
3189,2026-06-05,662.0,725.0,623.0,712.0,7602120.0
3189,2026-06-08,641.0,698.0,641.0,698.0,8137218.0
3189,2026-06-09,705.0,732.0,683.0,714.0,5537626.0
3189,2026-06-10,705.0,723.0,650.0,660.0,6573701.0
3189,2026-06-11,674.0,693.0,594.0,619.0,31037944.0
3189,2026-06-12,661.0,664.0,599.0,610.0,27158125.0
3189,2026-06-15,631.0,660.0,621.0,660.0,21349711.0
3189,2026-06-16,660.0,688.0,637.0,642.0,26698363.0
3189,2026-06-17,642.0,706.0,640.0,706.0,29986280.0
3189,2026-06-18,738.0,738.0,702.0,724.0,27743868.0
3189,2026-06-22,740.0,796.0,733.0,796.0,20663905.0
3189,2026-06-23,780.0,788.0,727.0,727.0,36604253.0
3189,2026-06-24,749.0,766.0,710.0,739.0,29958162.0
3189,2026-06-25,760.0,812.0,750.0,812.0,44514741.0
3189,2026-06-26,828.0,893.0,790.0,797.0,62632239.0
3189,2026-06-29,825.0,833.0,782.0,810.0,31131139.0
3189,2026-06-30,851.0,891.0,840.0,891.0,31315583.0
3189,2026-07-01,900.0,939.0,872.0,888.0,38728579.0
3189,2026-07-02,845.0,857.0,816.0,830.0,27680448.0
3189,2026-07-03,770.0,843.0,770.0,833.0,3349718.0
3189,2026-07-06,807.0,807.0,763.0,763.0,3956863.0
3189,2026-07-07,761.0,770.0,687.0,687.0,6854269.0
3189,2026-07-08,714.0,755.0,714.0,755.0,4336069.0
3189,2026-07-09,770.0,829.0,770.0,795.0,2569666.0
3189,2026-07-13,838.0,838.0,815.0,819.0,3480697.0
3189,2026-07-14,793.0,805.0,738.0,805.0,3717468.0
3189,2026-07-15,831.0,859.0,823.0,845.0,4103308.0
3189,2026-07-16,820.0,820.0,764.0,770.0,2674083.0
3189,2026-07-17,705.0,711.0,693.0,693.0,3693770.0
3189,2026-07-20,693.0,724.0,653.0,679.0,23743793.0
3189,2026-07-21,715.0,746.0,704.0,746.0,6598311.0
3189,2026-07-22,804.0,819.0,770.0,796.0,25561416.0
3189,2026-07-23,802.0,814.0,760.0,785.0,16084194.0
3189,2026-07-24,766.0,770.0,707.0,711.0,14224914.0
3189,2026-07-27,702.0,718.0,673.0,710.0,11397368.0
3189,2026-07-28,650.0,700.0,639.0,639.0,19391146.0
3189,2026-07-29,650.0,650.0,576.0,576.0,15851867.0
3189,2026-07-30,550.0,633.0,541.0,578.0,30600261.0
3189,2026-07-31,635.0,635.0,635.0,635.0,1399371.0
3189,2026-08-03,695.0,698.0,694.0,698.0,4279917.0
3189,2026-08-04,755.0,767.0,754.0,767.0,6043831.0
3189,2026-08-05,843.0,843.0,812.0,828.0,33103524.0
3189,2026-08-06,816.0,853.0,801.0,853.0,23356386.0
3189,2026-08-07,848.0,854.0,808.0,823.0,16107601.0
3189,2026-08-10,823.0,849.0,811.0,836.0,3650916.0
3189,2026-08-11,820.0,844.0,807.0,842.0,2961490.0
3189,2026-08-12,847.0,864.0,827.0,858.0,3488257.0
3189,2026-08-13,866.0,872.0,813.0,851.0,4544970.0
3189,2026-08-14,841.0,862.0,840.0,862.0,4293886.0
3189,2026-08-17,896.0,932.0,881.0,905.0,38323719.0
3189,2026-08-18,917.0,937.0,861.0,865.0,26966801.0
3189,2026-08-19,834.0,902.0,832.0,849.0,21079068.0
3189,2026-08-20,871.0,880.0,818.0,851.0,16928119.0
3189,2026-08-21,842.0,842.0,792.0,811.0,17272838.0
3189,2026-08-24,814.0,842.0,791.0,794.0,11764951.0
3189,2026-08-25,783.0,837.0,766.0,835.0,11433672.0
3189,2026-08-26,820.0,881.0,812.0,881.0,23277987.0
3189,2026-08-27,920.0,960.0,905.0,914.0,32580788.0
3189,2026-08-28,929.0,933.0,867.0,899.0,21576121.0
3189,2026-08-31,844.0,899.0,810.0,819.0,31932413.0
3189,2026-09-01,838.0,900.0,835.0,874.0,36368169.0
3189,2026-09-02,850.0,864.0,837.0,847.0,14894440.0
3189,2026-09-03,867.0,882.0,775.0,775.0,27084870.0
3189,2026-09-04,797.0,828.0,766.0,819.0,19778741.0
3189,2026-09-07,819.0,831.0,805.0,813.0,17014894.0
3189,2026-09-08,822.0,832.0,792.0,800.0,11072227.0
3189,2026-09-09,812.0,835.0,805.0,812.0,15225627.0
3189,2026-09-10,800.0,835.0,792.0,827.0,13682688.0
3189,2026-09-11,811.0,833.0,806.0,822.0,8394038.0
3189,2026-09-14,795.0,810.0,784.0,798.0,11217499.0
3189,2026-09-15,795.0,822.0,791.0,795.0,7509520.0
3189,2026-09-16,810.0,832.0,792.0,820.0,10957053.0
3189,2026-09-17,825.0,835.0,785.0,805.0,15730754.0
3189,2026-09-18,828.0,850.0,815.0,832.0,18317821.0
3189,2026-09-21,849.0,878.0,824.0,827.0,23391137.0
3189,2026-09-22,875.0,909.0,875.0,909.0,29109027.0
3189,2026-09-23,905.0,922.0,881.0,906.0,29744187.0
3189,2026-09-24,938.0,996.0,929.0,962.0,44137311.0
3189,2026-09-29,960.0,969.0,939.0,955.0,16460239.0
3189,2026-09-30,961.0,972.0,937.0,970.0,23925434.0
3324,2026-03-23,1000.0,1040.0,990.0,1005.0,3838083
3324,2026-03-24,1035.0,1050.0,981.0,1005.0,4242031
3324,2026-03-25,1040.0,1075.0,1025.0,1035.0,4490877
3324,2026-03-26,1045.0,1070.0,985.0,985.0,8798876
3324,2026-03-27,966.0,993.0,932.0,993.0,4996983
3324,2026-03-30,960.0,974.0,943.0,956.0,3686870
3324,2026-03-31,933.0,947.0,875.0,879.0,6508411
3324,2026-04-01,918.0,937.0,912.0,920.0,3405154
3324,2026-04-02,930.0,934.0,898.0,910.0,2754612
3324,2026-04-07,930.0,946.0,914.0,918.0,3131504
3324,2026-04-08,980.0,1005.0,975.0,1005.0,5818792
3324,2026-04-09,1025.0,1025.0,983.0,989.0,4664618
3324,2026-04-10,1000.0,1005.0,985.0,990.0,4276625
3324,2026-04-13,983.0,985.0,926.0,940.0,6352152
3324,2026-04-14,957.0,981.0,957.0,965.0,4683684
3324,2026-04-15,976.0,983.0,963.0,972.0,3097779
3324,2026-04-16,986.0,1065.0,986.0,1045.0,10102443
3324,2026-04-17,1055.0,1080.0,1025.0,1035.0,5252298
3324,2026-04-20,1040.0,1050.0,1005.0,1040.0,3937613
3324,2026-04-21,1055.0,1075.0,1030.0,1050.0,4541548
3324,2026-04-22,1055.0,1155.0,1055.0,1155.0,9916598
3324,2026-04-23,1185.0,1210.0,1070.0,1105.0,11846994
3324,2026-04-24,1150.0,1215.0,1140.0,1215.0,9495044
3324,2026-04-27,1270.0,1305.0,1165.0,1180.0,9468768
3324,2026-04-28,1175.0,1200.0,1115.0,1145.0,5104550
3324,2026-04-29,1130.0,1175.0,1125.0,1160.0,3158781
3324,2026-04-30,1160.0,1175.0,1130.0,1140.0,3079706
3324,2026-05-04,1160.0,1200.0,1125.0,1190.0,4354102
3324,2026-05-05,1200.0,1210.0,1145.0,1170.0,3332312
3324,2026-05-06,1190.0,1190.0,1055.0,1105.0,6377427
3324,2026-05-07,1140.0,1140.0,1050.0,1070.0,4798727
3324,2026-05-08,1070.0,1105.0,1035.0,1065.0,4159009
3324,2026-05-11,1070.0,1090.0,1055.0,1070.0,3407320
3324,2026-05-12,1080.0,1085.0,1055.0,1060.0,2834049
3324,2026-05-13,1055.0,1065.0,1040.0,1065.0,1938973
3324,2026-05-14,1085.0,1095.0,1015.0,1015.0,4282773
3324,2026-05-15,1040.0,1050.0,990.0,995.0,2759717
3324,2026-05-18,980.0,994.0,941.0,982.0,2867514
3324,2026-05-19,986.0,986.0,964.0,966.0,2597144
3324,2026-05-20,970.0,972.0,936.0,939.0,3038788
3324,2026-05-21,964.0,1015.0,957.0,1000.0,2657956
3324,2026-05-22,1035.0,1040.0,1005.0,1010.0,3661887
3324,2026-05-25,1035.0,1040.0,1010.0,1010.0,2310307
3324,2026-05-26,1030.0,1045.0,1010.0,1040.0,2791270
3324,2026-05-27,1070.0,1080.0,1025.0,1035.0,2875309
3324,2026-05-28,1050.0,1070.0,1000.0,1005.0,3211817
3324,2026-05-29,1035.0,1080.0,1020.0,1065.0,2917123
3324,2026-06-01,1085.0,1165.0,1080.0,1145.0,6075499
3324,2026-06-02,1155.0,1220.0,1135.0,1165.0,7263935
3324,2026-06-03,1210.0,1280.0,1190.0,1280.0,9226481
3324,2026-06-04,1265.0,1295.0,1180.0,1185.0,7020883
3324,2026-06-05,1165.0,1165.0,1080.0,1110.0,4595986
3324,2026-06-08,1000.0,1100.0,1000.0,1095.0,3434311
3324,2026-06-09,1120.0,1125.0,1055.0,1110.0,4040875
3324,2026-06-10,1070.0,1075.0,1010.0,1010.0,4123637
3324,2026-06-11,1000.0,1030.0,961.0,998.0,3259083
3324,2026-06-12,1050.0,1065.0,1020.0,1055.0,2241949
3324,2026-06-15,1085.0,1090.0,1050.0,1055.0,1992707
3324,2026-06-16,1070.0,1075.0,1050.0,1050.0,1283875
3324,2026-06-17,1035.0,1065.0,1030.0,1050.0,1439345
3324,2026-06-18,1065.0,1085.0,1055.0,1070.0,1440386
3324,2026-06-22,1095.0,1105.0,1070.0,1075.0,2296215
3324,2026-06-23,1075.0,1080.0,1025.0,1025.0,2338535
3324,2026-06-24,1000.0,1065.0,995.0,1055.0,2090705
3324,2026-06-25,1070.0,1075.0,1010.0,1010.0,2172002
3324,2026-06-26,1005.0,1005.0,968.0,970.0,2816203
3324,2026-06-29,974.0,1010.0,974.0,995.0,1376509
3324,2026-06-30,1010.0,1035.0,1000.0,1010.0,2637258
3324,2026-07-01,1025.0,1040.0,1000.0,1010.0,1917818
3324,2026-07-02,994.0,1040.0,977.0,1040.0,2354140
3324,2026-07-03,1020.0,1030.0,1010.0,1020.0,1394228
3324,2026-07-06,1035.0,1035.0,1005.0,1010.0,1143386
3324,2026-07-07,1005.0,1020.0,960.0,970.0,2392143
3324,2026-07-08,960.0,960.0,904.0,925.0,3639441
3324,2026-07-09,932.0,942.0,920.0,920.0,1498090
3324,2026-07-13,921.0,924.0,896.0,905.0,1243607
3324,2026-07-14,899.0,904.0,819.0,864.0,2494834
3324,2026-07-15,872.0,905.0,872.0,896.0,1083883
3324,2026-07-16,905.0,922.0,885.0,902.0,1558141
3324,2026-07-17,879.0,930.0,869.0,913.0,3918811
3324,2026-07-20,913.0,918.0,831.0,858.0,2399275
3324,2026-07-21,873.0,930.0,870.0,926.0,2021916
3324,2026-07-22,937.0,948.0,907.0,908.0,1920876
3324,2026-07-23,928.0,959.0,922.0,923.0,3239879
3324,2026-07-24,916.0,990.0,906.0,943.0,4342842
3324,2026-07-27,943.0,943.0,890.0,930.0,1831325
3324,2026-07-28,878.0,893.0,867.0,870.0,2051838
3324,2026-07-29,864.0,894.0,816.0,855.0,3259500
3324,2026-07-30,834.0,872.0,810.0,820.0,2139384
3324,2026-07-31,894.0,902.0,887.0,902.0,1627617
3324,2026-08-03,907.0,985.0,907.0,944.0,2906260
3324,2026-08-04,950.0,983.0,939.0,944.0,2390396
3324,2026-08-05,974.0,995.0,965.0,965.0,2637990
3324,2026-08-06,1020.0,1060.0,1000.0,1060.0,7690164
3324,2026-08-07,1060.0,1075.0,1000.0,1015.0,4609452
3324,2026-08-10,1025.0,1080.0,1005.0,1010.0,3460516
3324,2026-08-11,1015.0,1050.0,1000.0,1045.0,2336940
3324,2026-08-12,1035.0,1070.0,1035.0,1050.0,2014910
3324,2026-08-13,1065.0,1080.0,1025.0,1035.0,4531135
3324,2026-08-14,1050.0,1050.0,1005.0,1010.0,2160468
3324,2026-08-17,1015.0,1035.0,1000.0,1005.0,1511677
3324,2026-08-18,1015.0,1020.0,978.0,978.0,1655266
3324,2026-08-19,962.0,1005.0,955.0,989.0,1541613
3324,2026-08-20,1000.0,1005.0,970.0,993.0,1248698
3324,2026-08-21,987.0,991.0,965.0,969.0,1195617
3324,2026-08-24,973.0,1050.0,970.0,1015.0,2610664
3324,2026-08-25,1005.0,1075.0,993.0,1065.0,4011479
3324,2026-08-26,1070.0,1085.0,1055.0,1075.0,3898741
3324,2026-08-27,1080.0,1120.0,1055.0,1060.0,4185697
3324,2026-08-28,1075.0,1155.0,1075.0,1140.0,6469042
3324,2026-08-31,1130.0,1250.0,1125.0,1250.0,9673341
3324,2026-09-01,1300.0,1375.0,1300.0,1375.0,9282828
3324,2026-09-02,1375.0,1465.0,1370.0,1435.0,11001859
3324,2026-09-03,1435.0,1455.0,1320.0,1350.0,2235101
3324,2026-09-04,1465.0,1485.0,1410.0,1485.0,3081121
3324,2026-09-07,1505.0,1505.0,1425.0,1440.0,2118477
3324,2026-09-08,1425.0,1425.0,1300.0,1340.0,2306103
3324,2026-09-09,1375.0,1400.0,1320.0,1385.0,1436893
3324,2026-09-10,1355.0,1440.0,1355.0,1440.0,803261
3324,2026-09-11,1400.0,1405.0,1325.0,1360.0,1080574
3324,2026-09-14,1335.0,1355.0,1280.0,1305.0,948015
3324,2026-09-15,1310.0,1365.0,1240.0,1260.0,4312127
3324,2026-09-16,1275.0,1375.0,1255.0,1360.0,4834419
3324,2026-09-17,1375.0,1460.0,1335.0,1385.0,6498032
3324,2026-09-18,1480.0,1515.0,1420.0,1480.0,8418099
3324,2026-09-21,1500.0,1535.0,1460.0,1520.0,4072868
3324,2026-09-22,1580.0,1630.0,1545.0,1600.0,5557781
3324,2026-09-23,1605.0,1630.0,1555.0,1595.0,4107062
3324,2026-09-24,1595.0,1750.0,1590.0,1710.0,6451510
3324,2026-09-29,1680.0,1680.0,1595.0,1630.0,3944388
3324,2026-09-30,1620.0,1645.0,1530.0,1530.0,4369641
3653,2026-03-23,3605.0,3895.0,3605.0,3850.0,1335878
3653,2026-03-24,4090.0,4195.0,3950.0,3950.0,2080424
3653,2026-03-25,4150.0,4170.0,3910.0,3945.0,1119596
3653,2026-03-26,3945.0,4060.0,3870.0,3940.0,1294550
3653,2026-03-27,3840.0,4090.0,3840.0,4040.0,1269685
3653,2026-03-30,3970.0,4080.0,3820.0,3890.0,1272254
3653,2026-03-31,3850.0,3970.0,3745.0,3795.0,1995849
3653,2026-04-01,3980.0,4050.0,3950.0,3950.0,1416825.0
3653,2026-04-02,4055.0,4065.0,3710.0,3710.0,1635526.0
3653,2026-04-07,3850.0,3850.0,3610.0,3760.0,1859509.0
3653,2026-04-08,3950.0,4045.0,3925.0,4010.0,1649302.0
3653,2026-04-09,4160.0,4270.0,3980.0,4240.0,1612721.0
3653,2026-04-10,4240.0,4290.0,4010.0,4125.0,1546069.0
3653,2026-04-13,4125.0,4135.0,4000.0,4045.0,794823.0
3653,2026-04-14,4100.0,4135.0,4000.0,4000.0,852925.0
3653,2026-04-15,4015.0,4160.0,3980.0,4155.0,1185531.0
3653,2026-04-16,4300.0,4430.0,4165.0,4380.0,1568897.0
3653,2026-04-17,4425.0,4720.0,4375.0,4565.0,1407455.0
3653,2026-04-20,4750.0,5020.0,4700.0,5020.0,1237358.0
3653,2026-04-21,5200.0,5520.0,5135.0,5370.0,1623127.0
3653,2026-04-22,5500.0,5570.0,5300.0,5410.0,1061369.0
3653,2026-04-23,5555.0,5685.0,5150.0,5310.0,1475527.0
3653,2026-04-24,5500.0,5575.0,5260.0,5370.0,469524.0
3653,2026-04-27,5500.0,5500.0,4920.0,4960.0,574108.0
3653,2026-04-28,4905.0,5000.0,4870.0,4950.0,499182.0
3653,2026-04-29,4980.0,5445.0,4980.0,5445.0,468659.0
3653,2026-04-30,5405.0,5435.0,5305.0,5380.0,417950.0
3653,2026-05-04,5265.0,5320.0,5210.0,5300.0,342059.0
3653,2026-05-05,5200.0,5200.0,4780.0,4780.0,1333464.0
3653,2026-05-06,4305.0,4305.0,4305.0,4305.0,920109.0
3653,2026-05-07,3875.0,3875.0,3875.0,3875.0,1885313.0
3653,2026-05-08,3775.0,4010.0,3490.0,3650.0,5820794.0
3653,2026-05-11,3710.0,4015.0,3700.0,4015.0,4163150.0
3653,2026-05-12,4050.0,4150.0,3865.0,3920.0,3524136.0
3653,2026-05-13,3800.0,3800.0,3530.0,3530.0,1282165.0
3653,2026-05-14,3640.0,3640.0,3310.0,3365.0,1062721.0
3653,2026-05-15,3365.0,3470.0,3350.0,3465.0,816195.0
3653,2026-05-18,3305.0,3345.0,3200.0,3270.0,1062497.0
3653,2026-05-19,3260.0,3260.0,2995.0,3090.0,1137582.0
3653,2026-05-20,3010.0,3030.0,2800.0,3030.0,1475086.0
3653,2026-05-21,3280.0,3330.0,3220.0,3330.0,521459.0
3653,2026-05-22,3505.0,3660.0,3475.0,3660.0,638947.0
3653,2026-05-25,3750.0,3770.0,3700.0,3770.0,693208.0
3653,2026-05-26,3830.0,3830.0,3670.0,3670.0,692286.0
3653,2026-05-27,3795.0,4015.0,3650.0,3670.0,3139136.0
3653,2026-05-28,3700.0,3830.0,3460.0,3500.0,2199582.0
3653,2026-05-29,3580.0,3600.0,3415.0,3545.0,2343319.0
3653,2026-06-01,3550.0,3895.0,3550.0,3840.0,2419419.0
3653,2026-06-02,3995.0,4165.0,3880.0,3990.0,2994152.0
3653,2026-06-03,4040.0,4210.0,3860.0,3905.0,1925173.0
3653,2026-06-04,3800.0,3875.0,3695.0,3730.0,1442589.0
3653,2026-06-05,3550.0,3680.0,3460.0,3620.0,1169958.0
3653,2026-06-08,3260.0,3860.0,3260.0,3820.0,2195430.0
3653,2026-06-09,3915.0,4060.0,3855.0,3935.0,2263039.0
3653,2026-06-10,3800.0,4000.0,3740.0,3800.0,2153645.0
3653,2026-06-11,3800.0,3860.0,3420.0,3620.0,2496268.0
3653,2026-06-12,3755.0,3820.0,3495.0,3690.0,1850384.0
3653,2026-06-15,3800.0,3970.0,3775.0,3835.0,1451242.0
3653,2026-06-16,3940.0,3950.0,3765.0,3785.0,1083519.0
3653,2026-06-17,3730.0,3990.0,3720.0,3990.0,1554824.0
3653,2026-06-18,3990.0,4230.0,3935.0,3965.0,2001751.0
3653,2026-06-22,4015.0,4030.0,3820.0,3840.0,1448778.0
3653,2026-06-23,3925.0,3965.0,3800.0,3840.0,1032686.0
3653,2026-06-24,3790.0,3815.0,3555.0,3640.0,2301864.0
3653,2026-06-25,3685.0,3690.0,3375.0,3390.0,2805528.0
3653,2026-06-26,3385.0,3525.0,3380.0,3405.0,1905135.0
3653,2026-06-29,3470.0,3480.0,3280.0,3320.0,1116741.0
3653,2026-06-30,3400.0,3485.0,3370.0,3430.0,768655.0
3653,2026-07-01,3540.0,3580.0,3395.0,3400.0,745081.0
3653,2026-07-02,3320.0,3495.0,3245.0,3475.0,600976.0
3653,2026-07-03,3360.0,3475.0,3310.0,3420.0,1138823.0
3653,2026-07-06,3475.0,3475.0,3320.0,3320.0,756812.0
3653,2026-07-07,3315.0,3355.0,3170.0,3195.0,1091256.0
3653,2026-07-08,3305.0,3340.0,3120.0,3200.0,749763.0
3653,2026-07-09,3280.0,3290.0,3180.0,3205.0,527813.0
3653,2026-07-13,3200.0,3280.0,3080.0,3195.0,803353.0
3653,2026-07-14,3205.0,3250.0,2990.0,3070.0,1077017.0
3653,2026-07-15,3140.0,3310.0,3085.0,3280.0,970413.0
3653,2026-07-16,3260.0,3470.0,3230.0,3395.0,1052764.0
3653,2026-07-17,3260.0,3350.0,3150.0,3210.0,1110713.0
3653,2026-07-20,3175.0,3280.0,3060.0,3200.0,1510316.0
3653,2026-07-21,3205.0,3520.0,3205.0,3520.0,2017560.0
3653,2026-07-22,3545.0,3615.0,3405.0,3500.0,2074379.0
3653,2026-07-23,3615.0,3820.0,3600.0,3710.0,2190495.0
3653,2026-07-24,3650.0,3690.0,3365.0,3430.0,1931238.0
3653,2026-07-27,3475.0,3580.0,3420.0,3525.0,785394.0
3653,2026-07-28,3370.0,3450.0,3300.0,3370.0,1632331.0
3653,2026-07-29,3360.0,3510.0,3230.0,3310.0,2191298.0
3653,2026-07-30,3150.0,3330.0,3100.0,3135.0,1698046.0
3653,2026-07-31,3440.0,3445.0,3330.0,3445.0,915510.0
3653,2026-08-03,3695.0,3785.0,3655.0,3770.0,1821608.0
3653,2026-08-04,3710.0,4145.0,3710.0,4145.0,2786267.0
3653,2026-08-05,4200.0,4430.0,4180.0,4340.0,3016143.0
3653,2026-08-06,4295.0,4595.0,4230.0,4450.0,2141656.0
3653,2026-08-07,4595.0,4600.0,4320.0,4380.0,1730866.0
3653,2026-08-10,4470.0,4470.0,4050.0,4135.0,1452577.0
3653,2026-08-11,4165.0,4170.0,3895.0,4065.0,1085610.0
3653,2026-08-12,4125.0,4470.0,4125.0,4470.0,815990.0
3653,2026-08-13,4500.0,4670.0,4415.0,4635.0,985672.0
3653,2026-08-14,4695.0,4860.0,4530.0,4855.0,1318120.0
3653,2026-08-17,5340.0,5340.0,5340.0,5340.0,1197711.0
3653,2026-08-18,5370.0,5485.0,5120.0,5150.0,3457799.0
3653,2026-08-19,4895.0,5540.0,4890.0,5460.0,2804186.0
3653,2026-08-20,5605.0,5620.0,5335.0,5600.0,1922068.0
3653,2026-08-21,5530.0,5560.0,5330.0,5395.0,1267177.0
3653,2026-08-24,5280.0,5490.0,5110.0,5155.0,1962404.0
3653,2026-08-25,5070.0,5205.0,4910.0,5205.0,1225543.0
3653,2026-08-26,5155.0,5725.0,5140.0,5725.0,1732681.0
3653,2026-08-27,5955.0,5980.0,5595.0,5645.0,1914739.0
3653,2026-08-28,5750.0,5960.0,5690.0,5785.0,939998.0
3653,2026-08-31,5710.0,6045.0,5690.0,5990.0,1749901.0
3653,2026-09-01,6075.0,6095.0,5820.0,5885.0,981544.0
3653,2026-09-02,5755.0,5850.0,5660.0,5770.0,1290114.0
3653,2026-09-03,5770.0,5820.0,5590.0,5615.0,902445.0
3653,2026-09-04,5835.0,5995.0,5725.0,5875.0,943058.0
3653,2026-09-07,6000.0,6000.0,5600.0,5655.0,802151.0
3653,2026-09-08,5700.0,5720.0,5480.0,5550.0,990252.0
3653,2026-09-09,5705.0,5845.0,5600.0,5760.0,1235699.0
3653,2026-09-10,5735.0,5885.0,5705.0,5790.0,633019.0
3653,2026-09-11,5650.0,5875.0,5615.0,5765.0,707675.0
3653,2026-09-14,5580.0,5920.0,5500.0,5820.0,988731.0
3653,2026-09-15,5735.0,5765.0,5240.0,5310.0,2469366.0
3653,2026-09-16,5320.0,5540.0,5210.0,5240.0,1608326.0
3653,2026-09-17,5400.0,5605.0,5320.0,5355.0,970920.0
3653,2026-09-18,5520.0,5650.0,5415.0,5525.0,1052328.0
3653,2026-09-21,5765.0,5890.0,5700.0,5790.0,972711.0
3653,2026-09-22,5985.0,6050.0,5780.0,5830.0,916002.0
3653,2026-09-23,6005.0,6410.0,5930.0,6410.0,1525519.0
3653,2026-09-24,6560.0,6920.0,6215.0,6920.0,2756489.0
3653,2026-09-29,7000.0,7160.0,6850.0,6895.0,1660061.0
3653,2026-09-30,6980.0,7080.0,6720.0,6800.0,1303905.0
3711,2026-04-01,345.0,361.0,344.5,361.0,18680325.0
3711,2026-04-02,375.5,375.5,356.0,361.0,24470659.0
3711,2026-04-07,361.5,366.0,348.5,352.0,14027586.0
3711,2026-04-08,364.0,385.0,364.0,383.0,25746033.0
3711,2026-04-09,387.0,394.5,381.0,392.0,21207383.0
3711,2026-04-10,390.0,397.5,385.0,393.0,17172884.0
3711,2026-04-13,415.5,428.0,403.0,417.5,25890114.0
3711,2026-04-14,430.0,437.0,421.0,424.0,19084721.0
3711,2026-04-15,431.5,460.0,431.0,446.5,30888147.0
3711,2026-04-16,450.0,453.0,436.0,450.5,23542998.0
3711,2026-04-17,441.0,463.0,437.5,442.0,25602127.0
3711,2026-04-20,457.0,473.0,454.5,461.5,22395591.0
3711,2026-04-21,467.0,476.0,461.0,472.0,17685768.0
3711,2026-04-22,462.0,473.0,460.5,465.0,17019631.0
3711,2026-04-23,474.5,497.5,456.0,464.5,26843992.0
3711,2026-04-24,467.5,500.0,467.5,496.0,27381879.0
3711,2026-04-27,517.0,523.0,495.5,495.5,30165500.0
3711,2026-04-28,489.0,510.0,483.5,495.5,22748609.0
3711,2026-04-29,487.0,492.0,472.5,488.5,22424827.0
3711,2026-04-30,490.5,512.0,478.0,478.0,36584546.0
3711,2026-05-04,497.0,525.0,497.0,525.0,27594760.0
3711,2026-05-05,525.0,544.0,519.0,520.0,38106905.0
3711,2026-05-06,541.0,544.0,514.0,524.0,31498923.0
3711,2026-05-07,548.0,558.0,534.0,540.0,24883728.0
3711,2026-05-08,524.0,529.0,511.0,516.0,23722301.0
3711,2026-05-11,526.0,546.0,513.0,537.0,22625012.0
3711,2026-05-12,537.0,579.0,533.0,555.0,30939967.0
3711,2026-05-13,535.0,557.0,534.0,548.0,24676716.0
3711,2026-05-14,555.0,564.0,548.0,548.0,14595546.0
3711,2026-05-15,555.0,564.0,537.0,547.0,18822126.0
3711,2026-05-18,529.0,529.0,500.0,510.0,26645271.0
3711,2026-05-19,490.0,495.5,472.0,472.0,36960604.0
3711,2026-05-20,465.0,481.5,465.0,476.0,25742575.0
3711,2026-05-21,499.0,511.0,496.5,510.0,19822547.0
3711,2026-05-22,535.0,561.0,524.0,561.0,31183324.0
3711,2026-05-25,598.0,617.0,584.0,617.0,26609382.0
3711,2026-05-26,636.0,636.0,590.0,611.0,39627497.0
3711,2026-05-27,641.0,669.0,626.0,642.0,30005707.0
3711,2026-05-28,626.0,668.0,617.0,627.0,35071941.0
3711,2026-05-29,642.0,644.0,608.0,611.0,43968378.0
3711,2026-06-01,603.0,615.0,599.0,601.0,25834856.0
3711,2026-06-02,600.0,608.0,577.0,590.0,27769330.0
3711,2026-06-03,615.0,636.0,614.0,618.0,28543715.0
3711,2026-06-04,617.0,622.0,593.0,593.0,21218144.0
3711,2026-06-05,581.0,585.0,562.0,577.0,21540374.0
3711,2026-06-08,520.0,543.0,520.0,540.0,26428013.0
3711,2026-06-09,545.0,574.0,544.0,569.0,18464913.0
3711,2026-06-10,556.0,564.0,537.0,539.0,19729100.0
3711,2026-06-11,533.0,552.0,521.0,544.0,18314332.0
3711,2026-06-12,585.0,596.0,577.0,590.0,23826314.0
3711,2026-06-15,619.0,623.0,590.0,590.0,22457432.0
3711,2026-06-16,600.0,600.0,580.0,592.0,15524257.0
3711,2026-06-17,584.0,595.0,573.0,595.0,13317248.0
3711,2026-06-18,591.0,618.0,591.0,613.0,36191812.0
3711,2026-06-22,660.0,674.0,652.0,674.0,37123135.0
3711,2026-06-23,679.0,700.0,662.0,662.0,44546851.0
3711,2026-06-24,636.0,659.0,618.0,653.0,35911480.0
3711,2026-06-25,679.0,679.0,625.0,641.0,31615796.0
3711,2026-06-26,650.0,695.0,630.0,632.0,45022342.0
3711,2026-06-29,628.0,632.0,611.0,627.0,17955704.0
3711,2026-06-30,653.0,687.0,650.0,680.0,26490474.0
3711,2026-07-01,710.0,718.0,695.0,703.0,22106877.0
3711,2026-07-02,690.0,729.0,684.0,727.0,24969041.0
3711,2026-07-03,690.0,691.0,662.0,682.0,39658983.0
3711,2026-07-06,698.0,712.0,676.0,679.0,23329262.0
3711,2026-07-07,684.0,702.0,648.0,651.0,24720074.0
3711,2026-07-08,640.0,649.0,623.0,625.0,26610201.0
3711,2026-07-09,632.0,685.0,627.0,677.0,32145912.0
3711,2026-07-13,682.0,690.0,657.0,670.0,27795403.0
3711,2026-07-14,655.0,672.0,610.0,641.0,23760856.0
3711,2026-07-15,660.0,696.0,654.0,683.0,26452521.0
3711,2026-07-16,679.0,694.0,668.0,682.0,21801574.0
3711,2026-07-17,625.0,635.0,614.0,614.0,27892135.0
3711,2026-07-20,588.0,617.0,577.0,597.0,30646403.0
3711,2026-07-21,610.0,634.0,609.0,633.0,15573369.0
3711,2026-07-22,668.0,673.0,652.0,656.0,22726328.0
3711,2026-07-23,656.0,665.0,637.0,649.0,15052087.0
3711,2026-07-24,633.0,636.0,609.0,613.0,17595449.0
3711,2026-07-27,601.0,613.0,590.0,608.0,16184191.0
3711,2026-07-28,570.0,582.0,551.0,554.0,28705046.0
3711,2026-07-29,538.0,547.0,499.0,499.0,23571701.0
3711,2026-07-30,465.5,533.0,465.5,505.0,31004999.0
3711,2026-07-31,555.0,555.0,555.0,555.0,8045972.0
3711,2026-08-03,610.0,610.0,592.0,610.0,16977392.0
3711,2026-08-04,606.0,606.0,573.0,585.0,52645565.0
3711,2026-08-05,620.0,624.0,588.0,593.0,32968894.0
3711,2026-08-06,585.0,597.0,574.0,595.0,17543701.0
3711,2026-08-07,605.0,610.0,578.0,585.0,13050125.0
3711,2026-08-10,602.0,641.0,601.0,630.0,28684678.0
3711,2026-08-11,629.0,632.0,610.0,629.0,19343138.0
3711,2026-08-12,633.0,634.0,619.0,621.0,17345961.0
3711,2026-08-13,627.0,638.0,623.0,626.0,19383393.0
3711,2026-08-14,635.0,635.0,608.0,616.0,16941503.0
3711,2026-08-17,626.0,643.0,615.0,615.0,21459779.0
3711,2026-08-18,630.0,634.0,596.0,599.0,20070634.0
3711,2026-08-19,568.0,596.0,564.0,588.0,22448357.0
3711,2026-08-20,580.0,591.0,568.0,590.0,21349397.0
3711,2026-08-21,589.0,593.0,579.0,587.0,12861208.0
3711,2026-08-24,586.0,601.0,585.0,592.0,7820797.0
3711,2026-08-25,582.0,591.0,569.0,591.0,12209029.0
3711,2026-08-26,580.0,593.0,575.0,592.0,12219806.0
3711,2026-08-27,608.0,608.0,593.0,605.0,11658860.0
3711,2026-08-28,608.0,630.0,606.0,621.0,18575826.0
3711,2026-08-31,601.0,601.0,565.0,584.0,33186077.0
3711,2026-09-01,588.0,615.0,582.0,610.0,26066376.0
3711,2026-09-02,599.0,607.0,587.0,589.0,17467250.0
3711,2026-09-03,595.0,605.0,585.0,589.0,11637807.0
3711,2026-09-04,600.0,603.0,578.0,588.0,15751048.0
3711,2026-09-07,600.0,628.0,600.0,621.0,27604665.0
3711,2026-09-08,619.0,623.0,608.0,618.0,13336567.0
3711,2026-09-09,621.0,645.0,621.0,640.0,22954710.0
3711,2026-09-10,641.0,653.0,635.0,650.0,17451304.0
3711,2026-09-11,630.0,630.0,605.0,618.0,22695774.0
3711,2026-09-14,599.0,620.0,596.0,612.0,9475938.0
3711,2026-09-15,601.0,608.0,592.0,592.0,14790324.0
3711,2026-09-16,599.0,610.0,597.0,605.0,9509979.0
3711,2026-09-17,615.0,628.0,612.0,614.0,11193901.0
3711,2026-09-18,631.0,643.0,627.0,638.0,27928565.0
3711,2026-09-21,655.0,674.0,655.0,663.0,17093063.0
3711,2026-09-22,691.0,711.0,690.0,693.0,24987417.0
3711,2026-09-23,710.0,711.0,689.0,693.0,15367865.0
3711,2026-09-24,685.0,699.0,680.0,699.0,10964118.0
3711,2026-09-29,685.0,693.0,678.0,687.0,14276948.0
3711,2026-09-30,716.0,723.0,703.0,703.0,14687120.0
6196,2026-04-01,283.5,284.0,278.0,280.0,816448.0
6196,2026-04-02,281.0,286.0,279.0,282.0,1123143.0
6196,2026-04-07,285.0,294.0,278.0,292.0,2036467.0
6196,2026-04-08,297.5,302.0,295.0,302.0,3666525.0
6196,2026-04-09,305.0,323.0,302.0,318.5,6170745.0
6196,2026-04-10,325.5,331.5,320.0,325.5,4213012.0
6196,2026-04-13,330.0,332.0,314.5,320.5,2971473.0
6196,2026-04-14,330.0,335.0,326.0,331.0,2754889.0
6196,2026-04-15,338.0,360.0,334.0,353.0,4787408.0
6196,2026-04-16,349.5,351.5,325.5,340.0,5493480.0
6196,2026-04-17,335.0,359.0,334.5,359.0,4011934.0
6196,2026-04-20,379.0,394.5,376.5,394.5,2977133.0
6196,2026-04-21,409.5,415.5,392.5,397.5,6644836.0
6196,2026-04-22,393.0,402.0,388.0,390.5,2862783.0
6196,2026-04-23,397.0,399.5,363.0,376.0,4211277.0
6196,2026-04-24,385.0,396.5,379.0,386.0,2894324.0
6196,2026-04-27,391.5,392.0,362.5,380.5,3436877.0
6196,2026-04-28,389.0,389.5,378.0,381.5,1482722.0
6196,2026-04-29,381.0,381.5,371.5,376.5,932183.0
6196,2026-04-30,376.5,385.0,371.5,378.0,1569919.0
6196,2026-05-04,386.0,388.0,379.0,383.0,1900320.0
6196,2026-05-05,385.0,386.0,371.0,374.0,2001960.0
6196,2026-05-06,382.5,397.0,377.0,395.5,4627563.0
6196,2026-05-07,405.5,406.0,392.0,393.0,3052447.0
6196,2026-05-08,398.0,429.0,398.0,410.0,6222739.0
6196,2026-05-11,420.0,437.5,410.0,425.0,4394222.0
6196,2026-05-12,445.0,446.5,415.0,419.5,3790284.0
6196,2026-05-13,414.0,426.5,412.5,419.5,2182946.0
6196,2026-05-14,426.0,450.0,408.0,435.5,5660678.0
6196,2026-05-15,415.5,417.5,397.5,403.5,7285370.0
6196,2026-05-18,398.0,411.5,392.5,410.5,2313281.0
6196,2026-05-19,409.5,414.5,400.0,405.0,1806955.0
6196,2026-05-20,405.5,412.0,399.0,404.0,1554449.0
6196,2026-05-21,415.0,430.0,412.0,429.5,3030426.0
6196,2026-05-22,444.0,447.5,436.0,442.0,2960893.0
6196,2026-05-25,477.0,486.0,475.0,486.0,1790886.0
6196,2026-05-26,489.0,529.0,489.0,506.0,6296212.0
6196,2026-05-27,523.0,523.0,491.0,500.0,3485959.0
6196,2026-05-28,510.0,527.0,492.0,496.0,3671816.0
6196,2026-05-29,517.0,522.0,506.0,511.0,2183542.0
6196,2026-06-01,518.0,518.0,505.0,513.0,1688106.0
6196,2026-06-02,515.0,517.0,498.0,517.0,1971616.0
6196,2026-06-03,529.0,529.0,508.0,510.0,1845332.0
6196,2026-06-04,508.0,525.0,504.0,504.0,1864545.0
6196,2026-06-05,505.0,511.0,486.0,504.0,2147682.0
6196,2026-06-08,457.0,489.0,457.0,487.5,1618289.0
6196,2026-06-09,498.0,520.0,497.0,520.0,1845076.0
6196,2026-06-10,520.0,545.0,500.0,500.0,3581949.0
6196,2026-06-11,508.0,521.0,485.5,504.0,2485493.0
6196,2026-06-12,523.0,554.0,523.0,548.0,4102722.0
6196,2026-06-15,580.0,597.0,563.0,573.0,4067961.0
6196,2026-06-16,575.0,580.0,538.0,541.0,3679743.0
6196,2026-06-17,533.0,544.0,523.0,541.0,1689533.0
6196,2026-06-18,545.0,567.0,539.0,567.0,2071505.0
6196,2026-06-22,575.0,580.0,561.0,562.0,1496826.0
6196,2026-06-23,563.0,566.0,540.0,541.0,1463155.0
6196,2026-06-24,537.0,543.0,526.0,540.0,1111816.0
6196,2026-06-25,545.0,562.0,538.0,559.0,1634407.0
6196,2026-06-26,558.0,566.0,529.0,531.0,1967471.0
6196,2026-06-29,538.0,555.0,528.0,532.0,2144433.0
6196,2026-06-30,547.0,565.0,544.0,554.0,2135509.0
6196,2026-07-01,573.0,598.0,564.0,571.0,3066586.0
6196,2026-07-02,563.0,595.0,555.0,588.0,1796359.0
6196,2026-07-03,585.0,596.0,579.0,588.0,1671407.0
6196,2026-07-06,595.0,596.0,568.0,570.0,1699417.0
6196,2026-07-07,591.0,591.0,552.0,562.0,2258517.0
6196,2026-07-08,564.0,565.0,532.0,546.0,1893827.0
6196,2026-07-09,546.0,580.0,546.0,549.0,1923305.0
6196,2026-07-13,565.0,565.0,542.0,551.0,1838561.0
6196,2026-07-14,554.0,557.0,510.0,539.0,1753187.0
6196,2026-07-15,544.0,590.0,540.0,585.0,2259200.0
6196,2026-07-16,580.0,607.0,569.0,590.0,2661272.0
6196,2026-07-17,557.0,580.0,535.0,542.0,2481756.0
6196,2026-07-20,542.0,542.0,497.0,518.0,1997918.0
6196,2026-07-21,528.0,540.0,524.0,540.0,1282555.0
6196,2026-07-22,554.0,561.0,545.0,548.0,1322410.0
6196,2026-07-23,549.0,553.0,528.0,543.0,1212672.0
6196,2026-07-24,537.0,550.0,520.0,526.0,948153.0
6196,2026-07-27,524.0,532.0,494.5,510.0,1564030.0
6196,2026-07-28,490.0,491.0,472.0,474.5,1325521.0
6196,2026-07-29,474.0,479.0,428.0,447.0,2410443.0
6196,2026-07-30,445.0,464.0,427.0,436.0,1267067.0
6196,2026-07-31,471.5,479.0,462.0,468.0,2965682.0
6196,2026-08-03,461.0,513.0,460.0,494.0,1741795.0
6196,2026-08-04,485.0,507.0,485.0,492.0,1521506.0
6196,2026-08-05,541.0,541.0,503.0,509.0,2615401.0
6196,2026-08-06,501.0,509.0,483.5,508.0,1806856.0
6196,2026-08-07,506.0,520.0,491.0,493.5,1712469.0
6196,2026-08-10,495.0,511.0,495.0,507.0,1012950.0
6196,2026-08-11,502.0,513.0,498.0,510.0,882697.0
6196,2026-08-12,511.0,516.0,498.0,499.0,1189301.0
6196,2026-08-13,502.0,523.0,502.0,511.0,1627939.0
6196,2026-08-14,524.0,525.0,506.0,510.0,982576.0
6196,2026-08-17,511.0,518.0,506.0,511.0,1075330.0
6196,2026-08-18,513.0,520.0,501.0,503.0,1090805.0
6196,2026-08-19,493.5,512.0,493.0,500.0,838780.0
6196,2026-08-20,504.0,509.0,491.0,496.0,798008.0
6196,2026-08-21,498.5,498.5,483.5,490.5,1175922.0
6196,2026-08-24,491.5,506.0,488.0,493.0,435722.0
6196,2026-08-25,488.0,488.0,462.5,477.0,1010426.0
6196,2026-08-26,489.0,504.0,486.0,500.0,1566653.0
6196,2026-08-27,508.0,508.0,492.5,497.5,962905.0
6196,2026-08-28,501.0,502.0,491.0,492.5,901280.0
6196,2026-08-31,492.5,492.5,476.5,485.0,757578.0
6196,2026-09-01,485.0,511.0,485.0,507.0,1607397.0
6196,2026-09-02,502.0,503.0,492.0,492.0,935167.0
6196,2026-09-03,500.0,523.0,498.5,500.0,2947816.0
6196,2026-09-04,516.0,528.0,501.0,516.0,2366376.0
6196,2026-09-07,516.0,518.0,506.0,514.0,1299375.0
6196,2026-09-08,514.0,522.0,499.0,503.0,1322242.0
6196,2026-09-09,512.0,538.0,512.0,534.0,3685322.0
6196,2026-09-10,537.0,538.0,519.0,535.0,1449260.0
6196,2026-09-11,520.0,529.0,506.0,511.0,2106566.0
6196,2026-09-14,505.0,527.0,505.0,520.0,1602704.0
6196,2026-09-15,521.0,530.0,516.0,518.0,1109429.0
6196,2026-09-16,521.0,528.0,516.0,521.0,795146.0
6196,2026-09-17,524.0,535.0,516.0,516.0,973428.0
6196,2026-09-18,526.0,541.0,521.0,540.0,2100117.0
6196,2026-09-21,549.0,549.0,532.0,535.0,1270481.0
6196,2026-09-22,542.0,549.0,534.0,535.0,1220757.0
6196,2026-09-23,538.0,558.0,534.0,549.0,1773924.0
6196,2026-09-24,547.0,566.0,541.0,565.0,1521343.0
6196,2026-09-29,554.0,554.0,537.0,544.0,1880519.0
6196,2026-09-30,552.0,588.0,551.0,585.0,3126316.0
6223,2026-03-30,3620.0,3735.0,3580.0,3735.0,819696
6223,2026-03-31,3740.0,3780.0,3465.0,3595.0,1216758
6223,2026-04-01,3900.0,3950.0,3790.0,3950.0,1563547
6223,2026-04-02,4050.0,4050.0,3750.0,3765.0,1211280
6223,2026-04-07,3820.0,3965.0,3805.0,3920.0,743370
6223,2026-04-08,4155.0,4310.0,4135.0,4310.0,975551
6223,2026-04-09,4500.0,4560.0,4330.0,4470.0,1174983
6223,2026-04-10,4595.0,4800.0,4510.0,4620.0,1042901
6223,2026-04-13,4560.0,4675.0,4450.0,4545.0,713986
6223,2026-04-14,4655.0,4760.0,4520.0,4560.0,755637
6223,2026-04-15,4650.0,4825.0,4540.0,4605.0,1044884
6223,2026-04-16,4700.0,4935.0,4630.0,4915.0,1243028
6223,2026-04-17,5155.0,5405.0,5040.0,5195.0,1510212
6223,2026-04-20,5370.0,5395.0,5110.0,5135.0,1321705
6223,2026-04-21,5110.0,5110.0,4830.0,4940.0,2703122
6223,2026-04-22,4980.0,5065.0,4825.0,4825.0,2155797
6223,2026-04-23,4895.0,5040.0,4635.0,4790.0,1910705
6223,2026-04-24,4850.0,4995.0,4630.0,4650.0,1502428
6223,2026-04-27,4740.0,4915.0,4605.0,4880.0,1552030
6223,2026-04-28,4950.0,4985.0,4770.0,4880.0,1109999
6223,2026-04-29,4870.0,4970.0,4785.0,4945.0,971487
6223,2026-04-30,5000.0,5040.0,4835.0,4925.0,1237148
6223,2026-05-04,5005.0,5200.0,4910.0,5165.0,1367001
6223,2026-05-05,5150.0,5150.0,4865.0,5000.0,1323450
6223,2026-05-06,5095.0,5115.0,4850.0,4950.0,1311933
6223,2026-05-07,4965.0,5050.0,4865.0,5030.0,947851
6223,2026-05-08,4930.0,5370.0,4930.0,5025.0,1722591
6223,2026-05-11,4860.0,5125.0,4710.0,4985.0,2143210
6223,2026-05-12,5315.0,5480.0,5250.0,5480.0,1001375
6223,2026-05-13,5490.0,5820.0,5315.0,5720.0,3022676
6223,2026-05-14,6290.0,6290.0,6290.0,6290.0,545059
6223,2026-05-15,6280.0,6665.0,5895.0,5895.0,2197825
6223,2026-05-18,6000.0,6245.0,5895.0,6135.0,1556443
6223,2026-05-19,6250.0,6275.0,5695.0,5730.0,1717836
6223,2026-05-20,5800.0,6015.0,5680.0,5680.0,1033607
6223,2026-05-21,6160.0,6160.0,5530.0,5650.0,1251866
6223,2026-05-22,5880.0,6035.0,5765.0,6035.0,1252548
6223,2026-05-25,6240.0,6465.0,6115.0,6200.0,888376
6223,2026-05-26,6425.0,6425.0,6120.0,6240.0,769337
6223,2026-05-27,6400.0,6645.0,6280.0,6390.0,965623
6223,2026-05-28,6390.0,6450.0,5855.0,5915.0,1128312
6223,2026-05-29,6165.0,6200.0,5870.0,5960.0,7883195
6223,2026-06-01,6015.0,6015.0,5645.0,5680.0,1400569
6223,2026-06-02,5630.0,5695.0,5435.0,5515.0,1292240
6223,2026-06-03,5760.0,6060.0,5750.0,5900.0,1036306
6223,2026-06-04,5925.0,6070.0,5835.0,6070.0,903741
6223,2026-06-05,6050.0,6050.0,5540.0,5765.0,1444310
6223,2026-06-08,5190.0,5650.0,5190.0,5515.0,1013720
6223,2026-06-09,5890.0,5890.0,5585.0,5885.0,1400315
6223,2026-06-10,6190.0,6235.0,5735.0,5770.0,1608454
6223,2026-06-11,5915.0,6150.0,5680.0,6090.0,1603634
6223,2026-06-12,6480.0,6595.0,6320.0,6485.0,1698342
6223,2026-06-15,6945.0,6950.0,6355.0,6435.0,1165598
6223,2026-06-16,6465.0,6800.0,6290.0,6445.0,944081
6223,2026-06-17,6440.0,6465.0,6285.0,6420.0,623906
6223,2026-06-18,6420.0,6570.0,6325.0,6415.0,810115
6223,2026-06-22,6595.0,6595.0,6275.0,6425.0,596935
6223,2026-06-23,6485.0,6820.0,6425.0,6680.0,1266538
6223,2026-06-24,6645.0,7200.0,6430.0,7175.0,1216931
6223,2026-06-25,7245.0,7250.0,6900.0,6905.0,901958
6223,2026-06-26,6800.0,6905.0,6355.0,6500.0,752568
6223,2026-06-29,6580.0,6680.0,5980.0,6060.0,1046568
6223,2026-06-30,6080.0,6205.0,5950.0,6090.0,1037907
6223,2026-07-01,6400.0,6695.0,6400.0,6695.0,712272
6223,2026-07-02,6725.0,7360.0,6620.0,7255.0,1580658
6223,2026-07-03,7165.0,7400.0,6960.0,7380.0,632395
6223,2026-07-06,7700.0,7700.0,6855.0,6855.0,618698
6223,2026-07-07,6855.0,7040.0,6235.0,6310.0,973410
6223,2026-07-08,6500.0,6540.0,6250.0,6460.0,766414
6223,2026-07-09,7000.0,7080.0,6760.0,7080.0,711155
6223,2026-07-13,7600.0,7600.0,6640.0,6640.0,776797
6223,2026-07-14,6525.0,6630.0,5980.0,6340.0,820249
6223,2026-07-15,6410.0,6590.0,6120.0,6330.0,729834
6223,2026-07-16,6205.0,6345.0,6005.0,6220.0,632358
6223,2026-07-17,5990.0,5990.0,5600.0,5600.0,1078884
6223,2026-07-20,5540.0,5560.0,5145.0,5455.0,993866
6223,2026-07-21,5505.0,5990.0,5360.0,5875.0,1519118
6223,2026-07-22,6065.0,6210.0,5900.0,6000.0,940933
6223,2026-07-23,6160.0,6350.0,6075.0,6250.0,654641
6223,2026-07-24,6085.0,6290.0,5650.0,5705.0,727763
6223,2026-07-27,5760.0,5815.0,5475.0,5720.0,625232
6223,2026-07-28,5295.0,5540.0,5165.0,5165.0,804872
6223,2026-07-29,5070.0,5280.0,4650.0,4790.0,1133520
6223,2026-07-30,4660.0,5070.0,4650.0,4800.0,1094650
6223,2026-07-31,5280.0,5280.0,5280.0,5280.0,161563
6223,2026-08-03,5475.0,5805.0,5450.0,5805.0,537571
6223,2026-08-04,5910.0,6090.0,5805.0,5900.0,937897
6223,2026-08-05,6105.0,6390.0,6100.0,6245.0,657446
6223,2026-08-06,6190.0,6360.0,6005.0,6300.0,650074
6223,2026-08-07,6345.0,6345.0,6070.0,6100.0,655598
6223,2026-08-10,6230.0,6695.0,6100.0,6225.0,1010509
6223,2026-08-11,6330.0,6380.0,6140.0,6315.0,487109
6223,2026-08-12,6355.0,6600.0,6355.0,6600.0,532108
6223,2026-08-13,6800.0,6815.0,6470.0,6495.0,572476
6223,2026-08-14,6515.0,6630.0,6430.0,6440.0,446644
6223,2026-08-17,5800.0,5950.0,5800.0,5800.0,1505448
6223,2026-08-18,5860.0,5895.0,5220.0,5270.0,2080103
6223,2026-08-19,5000.0,5550.0,5000.0,5255.0,1187417
6223,2026-08-20,5480.0,5670.0,5265.0,5650.0,1076862
6223,2026-08-21,5530.0,5680.0,5400.0,5465.0,835394
6223,2026-08-24,5580.0,5675.0,5485.0,5565.0,517509
6223,2026-08-25,5485.0,5645.0,5370.0,5600.0,433895
6223,2026-08-26,5480.0,5590.0,5040.0,5040.0,1980642
6223,2026-08-27,5100.0,5175.0,4730.0,5090.0,2668101
6223,2026-08-28,5085.0,5085.0,4880.0,5030.0,1766866
6223,2026-08-31,4930.0,5130.0,4870.0,5130.0,1231887
6223,2026-09-01,5200.0,5585.0,5090.0,5410.0,1649021
6223,2026-09-02,5410.0,5535.0,5260.0,5290.0,1009900
6223,2026-09-03,5370.0,5370.0,5000.0,5045.0,1505814
6223,2026-09-04,5175.0,5280.0,5090.0,5155.0,555526
6223,2026-09-07,5225.0,5575.0,5165.0,5490.0,1201331
6223,2026-09-08,5580.0,5975.0,5470.0,5795.0,1877534
6223,2026-09-09,6060.0,6060.0,5540.0,5615.0,1576583
6223,2026-09-10,5620.0,5695.0,5505.0,5620.0,515430
6223,2026-09-11,5600.0,5755.0,5365.0,5620.0,738539
6223,2026-09-14,5455.0,5660.0,5370.0,5595.0,562826
6223,2026-09-15,5685.0,5800.0,5430.0,5440.0,658309
6223,2026-09-16,5570.0,5660.0,5490.0,5600.0,438158
6223,2026-09-17,5730.0,5860.0,5485.0,5500.0,824614
6223,2026-09-18,5625.0,5840.0,5620.0,5800.0,828095
6223,2026-09-21,5845.0,5850.0,5410.0,5495.0,1178248
6223,2026-09-22,5615.0,5735.0,5090.0,5345.0,2303296
6223,2026-09-23,5445.0,5625.0,5335.0,5620.0,1067674
6223,2026-09-24,5555.0,5625.0,5370.0,5415.0,585343
6223,2026-09-29,5400.0,5400.0,5140.0,5185.0,1130007
6223,2026-09-30,5275.0,5320.0,5100.0,5125.0,1044727
GOOG,2026-03-30,275.44000244140625,276.260009765625,271.5350036621094,273.1400146484375,22752300.0
GOOG,2026-03-31,277.5400085449219,287.04998779296875,276.760009765625,286.8599853515625,31625100.0
GOOG,2026-04-01,289.9800109863281,297.9849853515625,289.4700012207031,294.8999938964844,24403600.0
GOOG,2026-04-02,288.989990234375,295.8999938964844,287.57000732421875,294.4599914550781,13433400.0
GOOG,2026-04-06,294.70001220703125,298.42498779296875,293.7900085449219,297.6600036621094,10121700.0
GOOG,2026-04-07,300.1400146484375,304.1000061035156,295.42498779296875,303.92999267578125,17317700.0
GOOG,2026-04-08,317.8299865722656,319.3900146484375,312.7049865722656,314.739990234375,20887500.0
GOOG,2026-04-09,313.19000244140625,317.42999267578125,309.4700012207031,316.3699951171875,14606800.0
GOOG,2026-04-10,318.2250061035156,319.5,314.5400085449219,315.7200012207031,11997600.0
GOOG,2026-04-13,315.4200134277344,319.42999267578125,313.69000244140625,319.2099914550781,12212800.0
GOOG,2026-04-14,322.06500244140625,330.6400146484375,321.1499938964844,330.5799865722656,18557500.0
GOOG,2026-04-15,330.55999755859375,335.0,328.6600036621094,334.4700012207031,15104100.0
GOOG,2026-04-16,335.8500061035156,337.3800048828125,331.6499938964844,332.7699890136719,13949600.0
GOOG,2026-04-17,334.42999267578125,339.9849853515625,333.2900085449219,339.3999938964844,19683800.0
GOOG,2026-04-20,338.55999755859375,339.1600036621094,334.6300048828125,335.3999938964844,12897300.0
GOOG,2026-04-21,335.5849914550781,337.1700134277344,329.6300048828125,330.4700012207031,14623800.0
GOOG,2026-04-22,334.885009765625,338.0299987792969,332.9599914550781,337.7300109863281,12954200.0
GOOG,2026-04-23,339.57501220703125,340.1600036621094,335.05999755859375,337.75,13442100.0
GOOG,2026-04-24,337.7200012207031,343.69000244140625,334.04998779296875,342.32000732421875,18260900.0
GOOG,2026-04-27,343.8800048828125,350.8999938964844,340.80999755859375,348.5199890136719,17443000.0
GOOG,2026-04-28,346.9200134277344,349.8999938964844,344.2799987792969,347.5,18502300.0
GOOG,2026-04-29,345.4800109863281,353.3999938964844,342.42999267578125,347.30999755859375,22232200.0
GOOG,2026-04-30,371.2550048828125,382.6300048828125,363.0899963378906,381.94000244140625,44570500.0
GOOG,2026-05-01,377.9800109863281,383.3900146484375,375.260009765625,383.2200012207031,28047900.0
GOOG,2026-05-04,382.32000732421875,384.17999267578125,376.7699890136719,379.6400146484375,18275000.0
GOOG,2026-05-05,381.8699951171875,388.9599914550781,380.3500061035156,384.2699890136719,15432500.0
GOOG,2026-05-06,389.5899963378906,396.3800048828125,387.1000061035156,395.1400146484375,23097300.0
GOOG,2026-05-07,397.05999755859375,397.3550109863281,390.30999755859375,395.29998779296875,15153600.0
GOOG,2026-05-08,394.2699890136719,398.3699951171875,393.6700134277344,397.04998779296875,13762500.0
GOOG,2026-05-11,390.69000244140625,394.3299865722656,386.2300109863281,386.7699890136719,16314900.0
GOOG,2026-05-12,385.0,386.44000244140625,379.7200012207031,383.82000732421875,17103900.0
GOOG,2026-05-13,381.9049987792969,399.92999267578125,381.5799865722656,399.0400085449219,18160100.0
GOOG,2026-05-14,393.7900085449219,399.10400390625,392.7279968261719,397.1700134277344,13805400.0
GOOG,2026-05-15,393.2149963378906,395.8800048828125,389.760009765625,393.32000732421875,15801900.0
GOOG,2026-05-18,392.125,404.4700012207031,390.8999938964844,393.1099853515625,18592800.0
GOOG,2026-05-19,393.29998779296875,393.3630065917969,383.0,384.8999938964844,25559400.0
GOOG,2026-05-20,385.0400085449219,390.70001220703125,380.0,384.8999938964844,16488100.0
GOOG,2026-05-21,382.010009765625,388.67999267578125,379.4800109863281,383.4700012207031,16837600.0
GOOG,2026-05-22,383.260009765625,384.8699951171875,378.260009765625,379.3800048828125,13382800.0
GOOG,2026-05-26,380.9949951171875,385.3900146484375,379.1400146484375,384.8399963378906,16150900.0
GOOG,2026-05-27,382.7650146484375,389.7250061035156,382.0,384.8299865722656,16893100.0
GOOG,2026-05-28,383.8599853515625,390.0,381.25,386.1199951171875,20795400.0
GOOG,2026-05-29,381.2250061035156,381.6499938964844,374.29998779296875,376.42999267578125,48018600.0
GOOG,2026-06-01,372.57501220703125,374.6000061035156,369.7099914550781,372.5799865722656,19091900.0
GOOG,2026-06-02,363.1600036621094,369.7900085449219,355.0,358.3900146484375,34648600.0
GOOG,2026-06-03,358.3349914550781,362.5,354.3800048828125,355.67999267578125,43031000.0
GOOG,2026-06-04,355.44000244140625,369.8599853515625,354.79998779296875,369.2699890136719,37746200.0
GOOG,2026-06-05,363.3800048828125,369.20001220703125,361.6300048828125,365.760009765625,23411500.0
GOOG,2026-06-08,362.4849853515625,363.3800048828125,357.8900146484375,361.1700134277344,18739000.0
GOOG,2026-06-09,364.885009765625,369.6919860839844,354.7200012207031,362.2900085449219,19873600.0
GOOG,2026-06-10,361.04998779296875,366.30999755859375,352.80999755859375,353.32000732421875,19878600.0
GOOG,2026-06-11,353.04998779296875,358.010009765625,343.6300048828125,356.55999755859375,28771800.0
GOOG,2026-06-12,361.1000061035156,364.77301025390625,353.3399963378906,358.1600036621094,17637100.0
GOOG,2026-06-15,365.989990234375,370.6499938964844,364.6499938964844,367.1099853515625,17268600.0
GOOG,2026-06-16,367.4649963378906,373.6000061035156,365.32000732421875,371.1000061035156,16492800.0
GOOG,2026-06-17,367.04998779296875,370.1499938964844,360.2300109863281,362.1000061035156,16003500.0
GOOG,2026-06-18,363.8900146484375,369.0,356.6080017089844,367.4599914550781,29339100.0
GOOG,2026-06-22,357.135009765625,358.20001220703125,340.94000244140625,348.7799987792969,32211200.0
GOOG,2026-06-23,340.1050109863281,348.7200012207031,339.7149963378906,346.0799865722656,21820900.0
GOOG,2026-06-24,348.7200012207031,352.8299865722656,341.5,345.0400085449219,23898400.0
GOOG,2026-06-25,336.9200134277344,343.19000244140625,335.8999938964844,342.19000244140625,27687600.0
GOOG,2026-06-26,340.9800109863281,344.1199951171875,333.69000244140625,334.69000244140625,82484600.0
GOOG,2026-06-29,339.95001220703125,351.9700012207031,338.80999755859375,351.2799987792969,25565700.0
GOOG,2026-06-30,350.9599914550781,355.3900146484375,348.1099853515625,353.3299865722656,21278400.0
GOOG,2026-07-01,354.614990234375,359.55999755859375,353.2300109863281,357.8900146484375,19546800.0
GOOG,2026-07-02,356.1499938964844,360.989990234375,350.32000732421875,356.17999267578125,15532900.0
GOOG,2026-07-06,358.19500732421875,365.67999267578125,354.19000244140625,364.8999938964844,22652700.0
GOOG,2026-07-07,367.2349853515625,370.8900146484375,362.4200134277344,363.6199951171875,16443900.0
GOOG,2026-07-08,362.2099914550781,364.9800109863281,354.70001220703125,358.7099914550781,14710400.0
GOOG,2026-07-09,351.0849914550781,356.7300109863281,348.6600036621094,356.239990234375,17217400.0
GOOG,2026-07-10,354.9540100097656,355.67999267578125,350.70001220703125,355.0299987792969,11618500.0
GOOG,2026-07-13,353.989990234375,355.75,349.82000732421875,350.6700134277344,10583500.0
GOOG,2026-07-14,348.8399963378906,357.8800048828125,348.8399963378906,357.3299865722656,11252600.0
GOOG,2026-07-15,356.010009765625,372.1400146484375,355.6700134277344,370.2099914550781,20258200.0
GOOG,2026-07-16,372.1700134277344,374.3500061035156,351.6700134277344,353.80999755859375,23603700.0
GOOG,2026-07-17,345.7699890136719,348.1700134277344,341.125,346.1199951171875,22023900.0
GOOG,2026-07-20,350.1700134277344,359.489990234375,350.0050048828125,351.3699951171875,13203300.0
GOOG,2026-07-21,350.55999755859375,350.739990234375,346.010009765625,346.19000244140625,17419500.0
GOOG,2026-07-22,347.17999267578125,349.45001220703125,341.6400146484375,341.9100036621094,23273800.0
GOOG,2026-07-23,321.6300048828125,324.45001220703125,314.8900146484375,318.3399963378906,46751900.0
GOOG,2026-07-24,318.29998779296875,323.9800109863281,317.5,319.0899963378906,21630800.0
GOOG,2026-07-27,324.739990234375,330.10101318359375,324.4100036621094,326.57000732421875,21419600.0
GOOG,2026-07-28,327.79998779296875,335.2099914550781,324.5400085449219,332.6000061035156,20986900.0
GOOG,2026-07-29,333.5,341.9800109863281,330.4079895019531,335.760009765625,20242900.0
GOOG,2026-07-30,333.0799865722656,335.45001220703125,329.82000732421875,333.67999267578125,17309500.0
GOOG,2026-07-31,340.07000732421875,358.8800048828125,339.1600036621094,356.6499938964844,30514500.0
GOOG,2026-08-03,365.29998779296875,376.1000061035156,363.260009765625,372.4700012207031,27165400.0
GOOG,2026-08-04,366.5199890136719,377.66900634765625,366.1600036621094,375.3500061035156,19983300.0
GOOG,2026-08-05,380.0,381.80999755859375,355.1600036621094,360.1300048828125,29436300.0
GOOG,2026-08-06,358.7919921875,361.9599914550781,355.8299865722656,356.6199951171875,16513400.0
GOOG,2026-08-07,355.2799987792969,357.54998779296875,352.82000732421875,353.4700012207031,14516700.0
GOOG,2026-08-10,354.239990234375,355.92999267578125,351.4700012207031,355.8399963378906,12789500.0
GOOG,2026-08-11,354.0,355.0,342.57000732421875,343.0,18390200.0
GOOG,2026-08-12,345.3299865722656,345.5,339.82000732421875,342.3699951171875,15608800.0
GOOG,2026-08-13,344.57000732421875,345.8299865722656,342.3999938964844,343.94000244140625,14997800.0
GOOG,2026-08-14,344.260009765625,348.05999755859375,342.07000732421875,343.5400085449219,10946800.0
GOOG,2026-08-17,344.05999755859375,345.04998779296875,339.57000732421875,341.45001220703125,12606100.0
GOOG,2026-08-18,339.8949890136719,342.3900146484375,337.5199890136719,341.2799987792969,14254300.0
GOOG,2026-08-19,339.80999755859375,343.55999755859375,338.04998779296875,341.70001220703125,13360500.0
GOOG,2026-08-20,339.69000244140625,340.79998779296875,336.1700134277344,338.20001220703125,14187700.0
GOOG,2026-08-21,340.2799987792969,343.2900085449219,337.80999755859375,341.75,15363900.0
GOOG,2026-08-24,340.739990234375,348.0799865722656,339.6199951171875,344.5899963378906,16450600.0
GOOG,2026-08-25,345.9700012207031,346.70001220703125,342.1449890136719,343.3399963378906,14031000.0
GOOG,2026-08-26,343.17999267578125,343.1910095214844,337.010009765625,339.1000061035156,16176400.0
GOOG,2026-08-27,336.29998779296875,338.80999755859375,335.3999938964844,337.7099914550781,17936100.0
GOOG,2026-08-28,337.6099853515625,345.42999267578125,337.2799987792969,342.8800048828125,17841900.0
GOOG,2026-08-31,340.0199890136719,340.6300048828125,333.42999267578125,335.4100036621094,23202000.0
GOOG,2026-09-01,332.25,333.95001220703125,329.2900085449219,332.0299987792969,16313400.0
GOOG,2026-09-02,330.7699890136719,336.510009765625,329.5199890136719,333.7799987792969,12995900.0
GOOG,2026-09-03,336.510009765625,340.8500061035156,336.30999755859375,339.0799865722656,12858300.0
GOOG,2026-09-04,339.17999267578125,340.17999267578125,333.75,335.30999755859375,12700500.0
GOOG,2026-09-08,331.989990234375,336.4800109863281,330.3900146484375,335.3800048828125,14150300.0
GOOG,2026-09-09,329.1199951171875,329.3399963378906,325.6300048828125,328.3800048828125,19326900.0
GOOG,2026-09-10,326.0799865722656,330.8900146484375,325.6510009765625,330.3900146484375,16418900.0
GOOG,2026-09-11,332.7300109863281,339.95001220703125,332.54998779296875,335.45001220703125,15820700.0
GOOG,2026-09-14,339.1099853515625,346.45001220703125,338.739990234375,345.7099914550781,22484400.0
GOOG,2026-09-15,343.3399963378906,344.3599853515625,339.17999267578125,341.42999267578125,13361000.0
GOOG,2026-09-16,343.3599853515625,344.70001220703125,337.45001220703125,339.3599853515625,12869700.0
GOOG,2026-09-17,345.0,345.9649963378906,340.5,343.67999267578125,15315700.0
GOOG,2026-09-18,351.2200012207031,355.1300048828125,343.8699951171875,344.4100036621094,34108900.0
GOOG,2026-09-21,346.19000244140625,353.29998779296875,344.79998779296875,350.8699951171875,18252200.0
GOOG,2026-09-22,353.239990234375,359.9800109863281,345.739990234375,347.4100036621094,20165100.0
GOOG,2026-09-23,346.29998779296875,346.3299865722656,334.20001220703125,334.9800109863281,23283400.0
GOOG,2026-09-24,333.0,339.30999755859375,332.80999755859375,339.010009765625,15965000.0
GOOG,2026-09-25,338.92498779296875,343.6000061035156,337.9100036621094,341.0799865722656,13858700.0
GOOG,2026-09-28,337.6000061035156,340.1099853515625,336.6000061035156,339.1600036621094,13870800.0
GOOG,2026-09-29,338.5400085449219,339.6400146484375,335.0199890136719,337.32000732421875,13980700.0
GOOG,2026-09-30,340.6499938964844,348.6499938964844,340.45001220703125,344.5799865722656,6314499.0
MS,2026-03-30,160.14999389648438,161.24000549316406,157.22000122070312,158.3699951171875,6261600.0
MS,2026-03-31,161.5,165.2899932861328,159.64999389648438,164.57000732421875,8081700.0
MS,2026-04-01,168.91000366210938,169.2899932861328,163.1999969482422,166.1699981689453,7117000.0
MS,2026-04-02,161.99000549316406,167.0,160.57000732421875,165.80999755859375,5107500.0
MS,2026-04-06,165.8800048828125,167.6300048828125,165.44000244140625,166.5500030517578,3674800.0
MS,2026-04-07,165.69000244140625,168.89999389648438,165.2899932861328,168.42999267578125,6036400.0
MS,2026-04-08,176.89999389648438,181.25999450683594,174.49000549316406,176.02000427246094,7662600.0
MS,2026-04-09,175.1699981689453,179.0,174.8000030517578,178.16000366210938,5298900.0
MS,2026-04-10,178.66000366210938,178.66000366210938,174.6999969482422,177.63999938964844,4240100.0
MS,2026-04-13,175.75999450683594,181.17999267578125,175.00999450683594,181.13999938964844,6282900.0
MS,2026-04-14,182.8699951171875,184.58999633789062,181.75,183.33999633789062,8803600.0
MS,2026-04-15,188.49000549316406,194.58999633789062,187.9199981689453,191.6199951171875,9853800.0
MS,2026-04-16,190.92999267578125,192.50999450683594,186.6699981689453,187.32000732421875,9138100.0
MS,2026-04-17,189.5,191.22000122070312,188.22999572753906,188.82000732421875,6846100.0
MS,2026-04-20,188.9199981689453,192.1999969482422,188.02000427246094,190.6999969482422,4905200.0
MS,2026-04-21,190.7899932861328,193.13999938964844,188.7100067138672,189.30999755859375,5154900.0
MS,2026-04-22,191.67999267578125,192.22999572753906,189.82000732421875,191.0500030517578,4492100.0
MS,2026-04-23,190.66000366210938,191.75999450683594,186.89999389648438,188.64999389648438,3814400.0
MS,2026-04-24,188.7899932861328,189.0500030517578,187.1199951171875,188.07000732421875,4530600.0
MS,2026-04-27,187.8699951171875,190.58999633789062,187.75,190.17999267578125,4163600.0
MS,2026-04-28,191.30999755859375,192.64999389648438,188.66000366210938,190.36000061035156,4107100.0
MS,2026-04-29,190.00999450683594,190.50999450683594,185.25,187.0800018310547,5107600.0
MS,2026-04-30,185.60000610351562,190.72999572753906,184.89999389648438,190.58999633789062,5664900.0
MS,2026-05-01,190.49000549316406,193.5,188.77000427246094,190.1699981689453,4742700.0
MS,2026-05-04,189.92999267578125,190.35000610351562,187.1199951171875,188.00999450683594,3833000.0
MS,2026-05-05,189.33999633789062,190.4499969482422,187.9499969482422,189.25,4807900.0
MS,2026-05-06,192.1699981689453,194.8300018310547,192.1699981689453,193.35000610351562,6319500.0
MS,2026-05-07,193.16000366210938,194.25,189.6699981689453,190.1699981689453,5761900.0
MS,2026-05-08,190.8800048828125,193.5,190.47000122070312,193.08999633789062,5873400.0
MS,2026-05-11,192.36000061035156,193.6699981689453,190.0399932861328,191.10000610351562,5272500.0
MS,2026-05-12,190.1999969482422,192.3800048828125,186.4499969482422,191.8800048828125,5333300.0
MS,2026-05-13,190.7100067138672,194.9499969482422,189.60000610351562,193.8300018310547,4463700.0
MS,2026-05-14,195.6199951171875,197.5,193.41000366210938,194.52999877929688,4785000.0
MS,2026-05-15,193.8800048828125,194.42999267578125,191.11000061035156,192.50999450683594,5937700.0
MS,2026-05-18,192.6199951171875,194.80999755859375,191.13999938964844,192.69000244140625,3770200.0
MS,2026-05-19,191.5500030517578,192.83999633789062,188.94000244140625,189.5800018310547,6357900.0
MS,2026-05-20,191.9600067138672,198.07000732421875,190.08999633789062,197.77000427246094,7201100.0
MS,2026-05-21,197.80999755859375,200.75,196.89999389648438,200.50999450683594,5817400.0
MS,2026-05-22,201.1300048828125,203.08999633789062,200.6300048828125,201.02999877929688,3734200.0
MS,2026-05-26,202.85000610351562,203.9199981689453,199.8699951171875,201.75999450683594,5567400.0
MS,2026-05-27,202.0500030517578,202.52999877929688,197.00999450683594,201.61000061035156,6731500.0
MS,2026-05-28,199.9199981689453,204.3800048828125,199.67999267578125,203.7899932861328,6174800.0
MS,2026-05-29,204.0,208.0800018310547,203.72000122070312,208.0,8255500.0
MS,2026-06-01,207.61000061035156,212.11000061035156,206.60000610351562,211.00999450683594,6431200.0
MS,2026-06-02,210.25999450683594,217.02999877929688,210.25999450683594,214.97999572753906,7664400.0
MS,2026-06-03,212.85000610351562,213.49000549316406,208.7899932861328,210.13999938964844,5957300.0
MS,2026-06-04,212.00999450683594,219.16000366210938,211.14999389648438,218.27000427246094,5565300.0
MS,2026-06-05,218.32000732421875,218.32000732421875,211.16000366210938,211.92999267578125,6171000.0
MS,2026-06-08,213.27000427246094,215.89999389648438,211.74000549316406,212.24000549316406,4732000.0
MS,2026-06-09,214.4199981689453,215.24000549316406,206.05999755859375,210.25,7841100.0
MS,2026-06-10,208.94000244140625,210.24000549316406,205.8300018310547,206.66000366210938,5362800.0
MS,2026-06-11,208.7899932861328,212.8300018310547,207.0,212.66000366210938,4631500.0
MS,2026-06-12,215.0500030517578,217.6199951171875,212.66000366210938,214.0399932861328,4694300.0
MS,2026-06-15,218.75999450683594,220.60000610351562,216.85000610351562,217.97999572753906,5862500.0
MS,2026-06-16,220.50999450683594,222.3000030517578,218.58999633789062,220.8300018310547,5091700.0
MS,2026-06-17,222.11000061035156,228.07000732421875,221.36000061035156,224.9600067138672,8689700.0
MS,2026-06-18,229.08999633789062,230.47000122070312,222.88999938964844,223.1699981689453,11933200.0
MS,2026-06-22,226.7100067138672,228.22999572753906,224.99000549316406,227.08999633789062,6870800.0
MS,2026-06-23,222.50999450683594,227.9499969482422,222.1199951171875,226.02999877929688,6052800.0
MS,2026-06-24,224.60000610351562,226.5,219.80999755859375,219.86000061035156,6971000.0
MS,2026-06-25,222.99000549316406,227.47999572753906,220.85000610351562,221.0399932861328,5257200.0
MS,2026-06-26,219.6999969482422,219.75,211.36000061035156,212.02999877929688,9919100.0
MS,2026-06-29,214.3300018310547,217.0,211.69000244140625,211.72000122070312,5426400.0
MS,2026-06-30,210.1699981689453,211.7100067138672,208.17999267578125,209.0399932861328,5599400.0
MS,2026-07-01,208.9600067138672,213.19000244140625,206.72000122070312,211.86000061035156,4690000.0
MS,2026-07-02,214.7100067138672,215.86000061035156,211.5500030517578,213.92999267578125,3745300.0
MS,2026-07-06,217.0,222.13999938964844,216.3699951171875,222.10000610351562,4567700.0
MS,2026-07-07,221.5399932861328,223.25999450683594,219.82000732421875,222.0399932861328,5413300.0
MS,2026-07-08,220.0,220.91000366210938,216.10000610351562,218.07000732421875,4108300.0
MS,2026-07-09,221.0,224.44000244140625,220.00999450683594,222.1300048828125,4073100.0
MS,2026-07-10,223.91000366210938,224.75,220.85000610351562,222.27999877929688,3617600.0
MS,2026-07-13,222.4600067138672,223.4499969482422,218.75,221.08999633789062,4550300.0
MS,2026-07-14,224.32000732421875,232.11000061035156,224.10000610351562,227.6699981689453,9306200.0
MS,2026-07-15,222.6999969482422,232.25,221.22000122070312,228.5500030517578,10865600.0
MS,2026-07-16,228.22999572753906,228.22999572753906,215.7899932861328,218.3699951171875,8313700.0
MS,2026-07-17,214.39999389648438,218.3800048828125,207.39999389648438,215.5,7852200.0
MS,2026-07-20,215.52000427246094,219.74000549316406,210.35000610351562,210.94000244140625,6816500.0
MS,2026-07-21,213.66000366210938,217.39999389648438,212.25,216.39999389648438,6999500.0
MS,2026-07-22,215.52000427246094,219.6300048828125,215.52000427246094,218.5,3683200.0
MS,2026-07-23,214.88999938964844,217.25999450683594,213.72000122070312,215.17999267578125,4962100.0
MS,2026-07-24,216.39999389648438,216.39999389648438,211.2100067138672,214.47999572753906,4091300.0
MS,2026-07-27,218.02000427246094,219.39999389648438,210.88999938964844,214.55999755859375,4958100.0
MS,2026-07-28,213.75,213.75,207.2899932861328,211.5800018310547,6021000.0
MS,2026-07-29,212.08999633789062,212.35000610351562,202.94000244140625,203.1300048828125,6722300.0
MS,2026-07-30,207.5,211.14999389648438,205.3000030517578,210.05999755859375,6832900.0
MS,2026-07-31,210.6999969482422,213.4600067138672,208.69000244140625,210.4199981689453,4723000.0
MS,2026-08-03,211.4600067138672,211.69000244140625,208.00999450683594,211.22999572753906,4982600.0
MS,2026-08-04,213.6699981689453,218.75999450683594,211.50999450683594,217.0399932861328,8932800.0
MS,2026-08-05,218.13999938964844,220.1199951171875,217.1199951171875,218.27000427246094,4344100.0
MS,2026-08-06,219.00999450683594,219.77999877929688,213.5399932861328,213.75,3588000.0
MS,2026-08-07,213.74000549316406,216.47000122070312,211.80999755859375,216.3300018310547,5225800.0
MS,2026-08-10,216.3300018310547,217.6199951171875,214.3800048828125,215.3300018310547,3837600.0
MS,2026-08-11,216.32000732421875,217.2100067138672,213.52000427246094,215.07000732421875,3785000.0
MS,2026-08-12,218.49000549316406,220.5,216.97999572753906,217.63999938964844,3742600.0
MS,2026-08-13,219.3000030517578,222.0,217.8800048828125,218.3800048828125,3611200.0
MS,2026-08-14,217.8000030517578,218.72000122070312,215.3000030517578,217.36000061035156,3405800.0
MS,2026-08-17,217.36000061035156,220.52999877929688,217.36000061035156,218.2100067138672,3397500.0
MS,2026-08-18,217.05999755859375,217.6999969482422,215.19000244140625,217.5500030517578,2777900.0
MS,2026-08-19,218.77999877929688,218.77999877929688,213.55999755859375,214.22999572753906,4910200.0
MS,2026-08-20,214.2899932861328,215.07000732421875,207.32000732421875,207.4499969482422,4875200.0
MS,2026-08-21,210.0800018310547,214.57000732421875,209.1300048828125,214.1999969482422,4573000.0
MS,2026-08-24,214.44000244140625,216.3000030517578,213.22000122070312,214.0800018310547,3444100.0
MS,2026-08-25,214.86000061035156,217.33999633789062,213.3699951171875,216.77000427246094,3270400.0
MS,2026-08-26,217.0,217.0,211.85000610351562,214.0800018310547,4126100.0
MS,2026-08-27,214.02999877929688,216.52000427246094,213.5,214.86000061035156,3923400.0
MS,2026-08-28,215.39999389648438,216.64999389648438,214.19000244140625,214.77000427246094,3735400.0
MS,2026-08-31,214.3000030517578,214.5,212.6199951171875,213.32000732421875,4206700.0
MS,2026-09-01,210.22000122070312,216.25999450683594,208.91000366210938,211.0399932861328,3522800.0
MS,2026-09-02,211.97000122070312,216.14999389648438,210.60000610351562,211.82000732421875,3615800.0
MS,2026-09-03,213.1999969482422,217.80999755859375,213.1999969482422,217.14999389648438,3868500.0
MS,2026-09-04,215.63999938964844,218.22000122070312,214.30999755859375,217.72000122070312,3132000.0
MS,2026-09-08,217.1999969482422,218.50999450683594,215.22000122070312,216.24000549316406,3455200.0
MS,2026-09-09,215.00999450683594,217.5399932861328,212.30999755859375,215.35000610351562,4023100.0
MS,2026-09-10,214.0399932861328,216.27000427246094,212.50999450683594,212.66000366210938,4546800.0
MS,2026-09-11,215.10000610351562,217.75999450683594,211.24000549316406,214.3800048828125,3928400.0
MS,2026-09-14,211.66000366210938,212.97000122070312,204.82000732421875,206.5800018310547,7500200.0
MS,2026-09-15,205.33999633789062,207.13999938964844,200.39999389648438,206.27999877929688,7915300.0
MS,2026-09-16,207.8699951171875,208.08999633789062,200.6300048828125,202.4199981689453,6999600.0
MS,2026-09-17,205.0500030517578,205.0500030517578,200.25999450683594,203.52000427246094,4804100.0
MS,2026-09-18,202.10000610351562,203.0500030517578,200.85000610351562,202.5800018310547,7446500.0
MS,2026-09-21,205.49000549316406,206.66000366210938,203.17999267578125,206.1199951171875,4040600.0
MS,2026-09-22,205.57000732421875,206.75,198.2100067138672,200.17999267578125,7799600.0
MS,2026-09-23,198.5,201.1199951171875,197.94000244140625,198.38999938964844,4341300.0
MS,2026-09-24,197.39999389648438,198.3000030517578,194.75,196.32000732421875,5195300.0
MS,2026-09-25,197.97999572753906,197.97999572753906,194.25,196.30999755859375,4527300.0
MS,2026-09-28,195.8699951171875,195.92999267578125,192.97000122070312,193.63999938964844,4357200.0
MS,2026-09-29,193.8000030517578,194.35000610351562,191.27000427246094,192.75999450683594,4677000.0
MS,2026-09-30,191.99000549316406,192.0,190.60000610351562,191.13999938964844,744448.0
QQQM,2026-03-30,233.57000732421875,233.85000610351562,228.75,229.8699951171875,3825000.0
QQQM,2026-03-31,232.3300018310547,238.24000549316406,232.3000030517578,237.6199951171875,6062700.0
QQQM,2026-04-01,239.39999389648438,241.97999572753906,238.99000549316406,240.57000732421875,4401200.0
QQQM,2026-04-02,236.32000732421875,241.22999572753906,235.5,240.86000061035156,2931400.0
QQQM,2026-04-06,241.35000610351562,243.16000366210938,240.72999572753906,242.32000732421875,2737700.0
QQQM,2026-04-07,241.08999633789062,242.47999572753906,238.19000244140625,242.3800048828125,2968600.0
QQQM,2026-04-08,250.6199951171875,251.1300048828125,247.9199981689453,249.5399932861328,5607600.0
QQQM,2026-04-09,249.49000549316406,251.3800048828125,248.3000030517578,251.22999572753906,2747700.0
QQQM,2026-04-10,251.9199981689453,252.6300048828125,250.97999572753906,251.60000610351562,2156500.0
QQQM,2026-04-13,250.9199981689453,254.27000427246094,250.39500427246094,254.1699981689453,2659600.0
QQQM,2026-04-14,255.3699951171875,258.79998779296875,255.3699951171875,258.7799987792969,5667700.0
QQQM,2026-04-15,259.04998779296875,262.54998779296875,258.6449890136719,262.4800109863281,4100500.0
QQQM,2026-04-16,263.19000244140625,264.4100036621094,261.55499267578125,263.69000244140625,2719200.0
QQQM,2026-04-17,265.82000732421875,267.6199951171875,265.19000244140625,267.1300048828125,3096100.0
QQQM,2026-04-20,266.8999938964844,267.1000061035156,264.53900146484375,266.29998779296875,2852200.0
QQQM,2026-04-21,266.9599914550781,267.6199951171875,264.42999267578125,265.30999755859375,3194400.0
QQQM,2026-04-22,267.7300109863281,269.80999755859375,267.0299987792969,269.6300048828125,2691200.0
QQQM,2026-04-23,269.05999755859375,270.44000244140625,265.77099609375,268.2200012207031,4094100.0
QQQM,2026-04-24,271.1199951171875,273.55999755859375,270.32000732421875,273.3800048828125,4126400.0
QQQM,2026-04-27,273.1300048828125,273.55999755859375,272.0199890136719,273.510009765625,2564700.0
QQQM,2026-04-28,270.70001220703125,271.5799865722656,269.20001220703125,270.760009765625,2789300.0
QQQM,2026-04-29,271.1650085449219,272.42999267578125,270.3500061035156,272.3900146484375,2600300.0
QQQM,2026-04-30,273.9599914550781,275.3299865722656,270.7309875488281,274.8999938964844,3022300.0
QQQM,2026-05-01,275.55999755859375,278.29998779296875,275.3800048828125,277.5400085449219,3261100.0
QQQM,2026-05-04,277.7699890136719,278.6499938964844,275.4010009765625,277.04998779296875,3726500.0
QQQM,2026-05-05,279.1400146484375,281.1199951171875,278.9750061035156,280.6199951171875,3587300.0
QQQM,2026-05-06,283.2099914550781,286.5199890136719,282.6499938964844,286.3999938964844,3691100.0
QQQM,2026-05-07,286.80999755859375,288.70001220703125,284.8299865722656,286.1199951171875,6151200.0
QQQM,2026-05-08,288.17999267578125,292.82000732421875,288.0299987792969,292.82000732421875,3708900.0
QQQM,2026-05-11,292.4700012207031,294.2200012207031,291.9200134277344,293.7099914550781,4695700.0
QQQM,2026-05-12,291.5899963378906,292.3900146484375,286.8299865722656,291.1400146484375,6292100.0
QQQM,2026-05-13,292.3299865722656,295.04998779296875,290.20001220703125,294.1600036621094,4316000.0
QQQM,2026-05-14,294.32000732421875,297.2900085449219,294.1099853515625,296.3699951171875,4208500.0
QQQM,2026-05-15,292.3999938964844,294.44000244140625,290.510009765625,291.8900146484375,3921900.0
QQQM,2026-05-18,292.9800109863281,293.1000061035156,287.7449951171875,290.6300048828125,4581400.0
QQQM,2026-05-19,288.2200012207031,290.8699951171875,286.260986328125,288.8399963378906,5077500.0
QQQM,2026-05-20,290.4200134277344,293.6300048828125,289.7900085449219,293.6300048828125,4758000.0
QQQM,2026-05-21,291.8900146484375,295.2099914550781,291.0,294.2099914550781,3644700.0
QQQM,2026-05-22,295.69000244140625,297.3299865722656,294.7900085449219,295.44000244140625,2889100.0
QQQM,2026-05-26,298.8999938964844,301.0450134277344,298.1700134277344,300.67999267578125,3841800.0
QQQM,2026-05-27,301.79998779296875,301.82000732421875,298.69000244140625,300.3800048828125,3946400.0
QQQM,2026-05-28,300.4700012207031,303.260009765625,299.1099853515625,302.8500061035156,4287800.0
QQQM,2026-05-29,303.80999755859375,305.3299865722656,302.760009765625,303.9599914550781,3727400.0
QQQM,2026-06-01,303.489990234375,306.9800109863281,303.0299987792969,305.82000732421875,3973100.0
QQQM,2026-06-02,305.7300109863281,307.3299865722656,304.3949890136719,307.2300109863281,3138500.0
QQQM,2026-06-03,307.7149963378906,308.2099914550781,305.1050109863281,306.6099853515625,5458300.0
QQQM,2026-06-04,302.82000732421875,306.1099853515625,301.69000244140625,304.94000244140625,4179400.0
QQQM,2026-06-05,300.5799865722656,301.20001220703125,290.0,290.3500061035156,9025500.0
QQQM,2026-06-08,295.5299987792969,297.70001220703125,293.6300048828125,294.80999755859375,4534400.0
QQQM,2026-06-09,297.70001220703125,298.7699890136719,282.5899963378906,291.5199890136719,9420200.0
QQQM,2026-06-10,288.8299865722656,292.80499267578125,285.32000732421875,285.9200134277344,6462300.0
QQQM,2026-06-11,287.9200134277344,295.75,286.2200012207031,295.0199890136719,6043300.0
QQQM,2026-06-12,295.4700012207031,298.0899963378906,292.8999938964844,297.010009765625,5395000.0
QQQM,2026-06-15,303.92999267578125,306.6400146484375,303.6199951171875,306.239990234375,4042200.0
QQQM,2026-06-16,305.6199951171875,306.4100036621094,300.3900146484375,300.55999755859375,5179400.0
QQQM,2026-06-17,302.69000244140625,302.8800048828125,296.8070068359375,297.57000732421875,4511400.0
QQQM,2026-06-18,303.5,305.4150085449219,301.6199951171875,304.5199890136719,3132400.0
QQQM,2026-06-22,305.55999755859375,306.8800048828125,302.3810119628906,303.8999938964844,2746500.0
QQQM,2026-06-23,294.6499938964844,297.8999938964844,293.19000244140625,293.8699951171875,4287600.0
QQQM,2026-06-24,294.5199890136719,296.3590087890625,290.0199890136719,292.6300048828125,4441500.0
QQQM,2026-06-25,298.8349914550781,299.239990234375,290.4599914550781,294.8800048828125,4482700.0
QQQM,2026-06-26,291.1400146484375,294.52899169921875,289.4200134277344,290.95001220703125,3535000.0
QQQM,2026-06-29,294.010009765625,298.29998779296875,290.3500061035156,298.04998779296875,3559900.0
QQQM,2026-06-30,298.20001220703125,303.69000244140625,298.0799865722656,302.9700012207031,3783800.0
QQQM,2026-07-01,300.20001220703125,301.3399963378906,298.3500061035156,298.6099853515625,3289400.0
QQQM,2026-07-02,298.69000244140625,300.87298583984375,291.3500061035156,293.4200134277344,3499200.0
QQQM,2026-07-06,296.3699951171875,298.9280090332031,295.8599853515625,297.5199890136719,2554600.0
QQQM,2026-07-07,294.0299987792969,294.9200134277344,290.239990234375,292.1400146484375,3116700.0
QQQM,2026-07-08,290.2699890136719,293.25,288.6199951171875,292.8699951171875,2407800.0
QQQM,2026-07-09,295.7300109863281,298.1789855957031,294.45001220703125,297.7799987792969,2123900.0
QQQM,2026-07-10,297.0,299.0400085449219,295.2200012207031,298.7200012207031,2626400.0
QQQM,2026-07-13,295.489990234375,295.8450012207031,292.3699951171875,293.05999755859375,3386900.0
QQQM,2026-07-14,296.54998779296875,297.3900146484375,294.1050109863281,296.30999755859375,2465300.0
QQQM,2026-07-15,298.05999755859375,298.2200012207031,292.45001220703125,295.55999755859375,3217200.0
QQQM,2026-07-16,293.1650085449219,293.79998779296875,289.29998779296875,290.67999267578125,3100000.0
QQQM,2026-07-17,284.7650146484375,289.1400146484375,282.7699890136719,286.30999755859375,3715600.0
QQQM,2026-07-20,289.1700134277344,290.5899963378906,286.3699951171875,286.5799865722656,2376000.0
QQQM,2026-07-21,290.95001220703125,292.3500061035156,289.4100036621094,291.8999938964844,2518000.0
QQQM,2026-07-22,289.7099914550781,292.1700134277344,289.7099914550781,290.4200134277344,2658200.0
QQQM,2026-07-23,286.010009765625,287.66900634765625,283.20001220703125,284.9800109863281,3904100.0
QQQM,2026-07-24,284.2699890136719,285.1600036621094,280.9800109863281,281.67999267578125,3995400.0
QQQM,2026-07-27,284.82000732421875,285.04998779296875,278.3299865722656,280.8599853515625,3371700.0
QQQM,2026-07-28,278.44000244140625,279.7080078125,274.989990234375,278.1400146484375,3737800.0
QQQM,2026-07-29,278.0299987792969,280.0,272.22601318359375,272.510009765625,4328500.0
QQQM,2026-07-30,277.82000732421875,282.0899963378906,277.218994140625,281.3500061035156,3715400.0
QQQM,2026-07-31,284.989990234375,286.44000244140625,280.0299987792969,283.2900085449219,3517100.0
QQQM,2026-08-03,283.42498779296875,288.8599853515625,282.3999938964844,288.2699890136719,5361200.0
QQQM,2026-08-04,291.6000061035156,298.7590026855469,291.3550109863281,298.0299987792969,4598600.0
QQQM,2026-08-05,299.0050048828125,299.95001220703125,295.17999267578125,295.3500061035156,4679600.0
QQQM,2026-08-06,292.6400146484375,296.1099853515625,291.75,294.260009765625,3026500.0
QQQM,2026-08-07,296.5899963378906,297.94000244140625,295.05999755859375,297.70001220703125,2836600.0
QQQM,2026-08-10,297.4549865722656,298.3800048828125,296.5899963378906,296.8500061035156,4003600.0
QQQM,2026-08-11,297.82000732421875,297.82000732421875,294.7699890136719,295.8299865722656,2357100.0
QQQM,2026-08-12,299.3999938964844,299.42999267578125,297.6650085449219,297.9800109863281,2183900.0
QQQM,2026-08-13,298.57000732421875,302.20001220703125,298.114990234375,301.4100036621094,2206800.0
QQQM,2026-08-14,302.010009765625,302.3500061035156,299.8800048828125,301.010009765625,1987500.0
QQQM,2026-08-17,301.7900085449219,302.45001220703125,300.2699890136719,300.5199890136719,2538400.0
QQQM,2026-08-18,296.5400085449219,297.32000732421875,294.7699890136719,295.45001220703125,4173900.0
QQQM,2026-08-19,296.6400146484375,297.0400085449219,293.43499755859375,294.8500061035156,2534600.0
QQQM,2026-08-20,293.2099914550781,294.3599853515625,291.75,292.7900085449219,2627300.0
QQQM,2026-08-21,294.510009765625,294.6199951171875,292.05999755859375,293.760009765625,1675500.0
QQQM,2026-08-24,292.2349853515625,292.2349853515625,289.3900146484375,290.80999755859375,2728600.0
QQQM,2026-08-25,292.8599853515625,294.0,291.30999755859375,292.6600036621094,3509000.0
QQQM,2026-08-26,291.70001220703125,293.57000732421875,291.510009765625,292.8999938964844,2202800.0
QQQM,2026-08-27,295.20001220703125,297.0,294.2300109863281,296.9200134277344,3167300.0
QQQM,2026-08-28,296.3299865722656,298.1600036621094,294.45001220703125,295.0,2642700.0
QQQM,2026-08-31,294.45001220703125,295.44000244140625,293.6300048828125,295.17999267578125,2332100.0
QQQM,2026-09-01,291.25,293.29998779296875,290.1499938964844,291.3999938964844,2555600.0
QQQM,2026-09-02,291.1499938964844,292.2239990234375,290.3599853515625,292.0199890136719,1890600.0
QQQM,2026-09-03,292.67999267578125,296.0050048828125,292.239990234375,295.510009765625,2104700.0
QQQM,2026-09-04,296.2090148925781,297.2099914550781,295.04998779296875,296.07000732421875,2243500.0
QQQM,2026-09-08,296.8399963378906,297.2200012207031,294.6600036621094,295.760009765625,2431400.0
QQQM,2026-09-09,294.9800109863281,296.2699890136719,294.010009765625,294.9700012207031,1898800.0
QQQM,2026-09-10,291.3800048828125,293.1789855957031,291.04998779296875,291.79998779296875,2312600.0
QQQM,2026-09-11,294.6600036621094,295.4599914550781,293.8500061035156,294.3900146484375,2954700.0
QQQM,2026-09-14,289.6000061035156,293.54998779296875,289.364990234375,292.0199890136719,3757300.0
QQQM,2026-09-15,291.8399963378906,292.0950012207031,289.7200012207031,290.0899963378906,3601100.0
QQQM,2026-09-16,291.5400085449219,293.0799865722656,288.2300109863281,290.20001220703125,2281900.0
QQQM,2026-09-17,294.82000732421875,295.6499938964844,293.760009765625,295.20001220703125,2312900.0
QQQM,2026-09-18,296.0,297.1499938964844,294.489990234375,296.9100036621094,2276600.0
QQQM,2026-09-21,299.7200012207031,306.0069885253906,299.70001220703125,305.2699890136719,2951600.0
QQQM,2026-09-22,305.20001220703125,308.1300048828125,305.1199951171875,307.7799987792969,3896200.0
QQQM,2026-09-23,307.5799865722656,307.6400146484375,303.9700012207031,305.1400146484375,2672900.0
QQQM,2026-09-24,302.7489929199219,305.75,302.5,305.1400146484375,2039300.0
QQQM,2026-09-25,305.8900146484375,307.1199951171875,304.6099853515625,306.5400085449219,2456700.0
QQQM,2026-09-28,304.8900146484375,305.260009765625,301.25,303.2900085449219,2391700.0
QQQM,2026-09-29,304.77899169921875,304.92999267578125,302.79998779296875,303.8299865722656,1886900.0
QQQM,2026-09-30,304.6549987792969,306.6099853515625,304.6000061035156,306.239990234375,703574.0
SOXX,2026-03-30,326.75,327.6300048828125,307.260009765625,309.7900085449219,13204800.0
SOXX,2026-03-31,315.6000061035156,329.17999267578125,314.8800048828125,328.6600036621094,14036500.0
SOXX,2026-04-01,333.489990234375,342.6499938964844,332.3500061035156,338.5400085449219,10130800.0
SOXX,2026-04-02,325.1099853515625,340.3900146484375,325.0299987792969,339.6099853515625,6521000.0
SOXX,2026-04-06,341.5199890136719,345.7699890136719,339.9200134277344,344.1000061035156,3105000.0
SOXX,2026-04-07,343.0400085449219,347.94000244140625,338.4700012207031,347.760009765625,4026000.0
SOXX,2026-04-08,367.8900146484375,371.1499938964844,362.1300048828125,370.3999938964844,9868700.0
SOXX,2026-04-09,371.29998779296875,378.95001220703125,371.29998779296875,378.6300048828125,6036700.0
SOXX,2026-04-10,382.6700134277344,389.6000061035156,382.6700134277344,386.6000061035156,5596900.0
SOXX,2026-04-13,384.8800048828125,393.57000732421875,384.3699951171875,393.3399963378906,4377400.0
SOXX,2026-04-14,397.8399963378906,401.44000244140625,393.510009765625,401.239990234375,5202600.0
SOXX,2026-04-15,400.30999755859375,402.0899963378906,392.3900146484375,401.8599853515625,5570200.0
SOXX,2026-04-16,400.6000061035156,407.4800109863281,397.989990234375,405.95001220703125,4400500.0
SOXX,2026-04-17,413.3800048828125,415.7300109863281,409.5799865722656,415.7099914550781,5729100.0
SOXX,2026-04-20,417.42999267578125,418.8599853515625,411.7900085449219,417.54998779296875,3493500.0
SOXX,2026-04-21,420.3999938964844,423.3500061035156,416.6700134277344,420.70001220703125,3676800.0
SOXX,2026-04-22,427.260009765625,432.1600036621094,422.82000732421875,431.7699890136719,6557600.0
SOXX,2026-04-23,435.3399963378906,446.6400146484375,434.0400085449219,441.0,10812400.0
SOXX,2026-04-24,457.5899963378906,463.8699951171875,450.9700012207031,461.6000061035156,9072000.0
SOXX,2026-04-27,461.75,463.0,448.92999267578125,455.4100036621094,8924600.0
SOXX,2026-04-28,437.6300048828125,446.1400146484375,431.739990234375,438.7099914550781,11014900.0
SOXX,2026-04-29,445.260009765625,450.3699951171875,442.4100036621094,449.989990234375,5972800.0
SOXX,2026-04-30,455.70001220703125,462.1400146484375,449.3399963378906,461.44000244140625,5170200.0
SOXX,2026-05-01,458.4700012207031,466.9100036621094,455.07000732421875,465.75,4155900.0
SOXX,2026-05-04,467.92999267578125,469.6099853515625,457.80999755859375,462.05999755859375,5233100.0
SOXX,2026-05-05,471.1400146484375,486.17999267578125,470.2300109863281,482.7300109863281,7203000.0
SOXX,2026-05-06,497.9599914550781,506.94000244140625,487.8599853515625,506.8699951171875,9768600.0
SOXX,2026-05-07,502.92999267578125,503.67999267578125,488.1300048828125,492.3599853515625,9913700.0
SOXX,2026-05-08,504.239990234375,520.4600219726562,502.75,520.2999877929688,7754500.0
SOXX,2026-05-11,524.0800170898438,533.739990234375,521.6599731445312,532.760009765625,7492600.0
SOXX,2026-05-12,520.8499755859375,525.1500244140625,495.7099914550781,515.989990234375,14660600.0
SOXX,2026-05-13,527.6199951171875,532.25,515.9400024414062,528.2899780273438,7346400.0
SOXX,2026-05-14,526.5,533.1300048828125,522.2100219726562,530.030029296875,5212400.0
SOXX,2026-05-15,511.6700134277344,518.7899780273438,506.260009765625,508.5199890136719,9388200.0
SOXX,2026-05-18,518.02001953125,519.9600219726562,486.9200134277344,495.8699951171875,9999000.0
SOXX,2026-05-19,484.3999938964844,506.0400085449219,477.95001220703125,496.739990234375,12217000.0
SOXX,2026-05-20,507.7300109863281,520.5399780273438,506.54998779296875,520.3099975585938,9457600.0
SOXX,2026-05-21,518.1699829101562,526.780029296875,515.0,524.7100219726562,6749900.0
SOXX,2026-05-22,531.8800048828125,541.8900146484375,530.1699829101562,537.3300170898438,7671100.0
SOXX,2026-05-26,556.989990234375,572.9500122070312,555.4099731445312,570.0900268554688,8926200.0
SOXX,2026-05-27,584.3800048828125,584.5,551.8900146484375,563.97998046875,11412400.0
SOXX,2026-05-28,564.3200073242188,575.7999877929688,554.8300170898438,569.469970703125,6763900.0
SOXX,2026-05-29,576.4400024414062,582.22998046875,564.5999755859375,569.0800170898438,7323900.0
SOXX,2026-06-01,563.6699829101562,577.989990234375,557.3800048828125,571.9299926757812,6999500.0
SOXX,2026-06-02,585.1699829101562,605.4400024414062,581.9299926757812,605.02001953125,7475400.0
SOXX,2026-06-03,616.2100219726562,618.8400268554688,598.010009765625,615.6799926757812,8564700.0
SOXX,2026-06-04,587.6400146484375,611.260009765625,577.5399780273438,602.719970703125,11445300.0
SOXX,2026-06-05,577.8599853515625,580.5,539.5700073242188,539.77001953125,22377300.0
SOXX,2026-06-08,569.77001953125,581.3800048828125,560.7899780273438,571.4500122070312,12843000.0
SOXX,2026-06-09,585.4500122070312,588.5800170898438,522.239990234375,562.1400146484375,24548100.0
SOXX,2026-06-10,551.6599731445312,572.510009765625,539.3800048828125,541.510009765625,16672200.0
SOXX,2026-06-11,555.4199829101562,588.0,554.8099975585938,586.9299926757812,12295400.0
SOXX,2026-06-12,584.1099853515625,602.6900024414062,578.530029296875,596.25,9928200.0
SOXX,2026-06-15,622.6099853515625,629.719970703125,618.4500122070312,628.4500122070312,8170800.0
SOXX,2026-06-16,623.8400268554688,629.6400146484375,590.6300048828125,591.239990234375,11204900.0
SOXX,2026-06-17,611.5599975585938,621.989990234375,598.9500122070312,599.72998046875,8948400.0
SOXX,2026-06-18,626.52001953125,644.4299926757812,626.1500244140625,639.4500122070312,9666000.0
SOXX,2026-06-22,653.9600219726562,655.9500122070312,643.9299926757812,655.010009765625,7782700.0
SOXX,2026-06-23,607.6400146484375,619.9400024414062,598.1900024414062,603.3900146484375,12712200.0
SOXX,2026-06-24,606.1900024414062,609.6900024414062,586.6599731445312,601.5,9230700.0
SOXX,2026-06-25,637.3300170898438,638.469970703125,598.8300170898438,625.2000122070312,12713200.0
SOXX,2026-06-26,601.4400024414062,605.8900146484375,588.510009765625,589.9400024414062,11017500.0
SOXX,2026-06-29,593.7100219726562,615.3499755859375,571.5999755859375,614.3499755859375,11036800.0
SOXX,2026-06-30,616.1500244140625,644.9400024414062,616.1500244140625,640.760009765625,10112600.0
SOXX,2026-07-01,616.8200073242188,622.8900146484375,597.8800048828125,599.7000122070312,9983000.0
SOXX,2026-07-02,601.239990234375,608.1099853515625,554.9099731445312,566.3200073242188,16092600.0
SOXX,2026-07-06,583.1500244140625,598.0,580.47998046875,581.510009765625,8419400.0
SOXX,2026-07-07,551.9299926757812,558.0599975585938,536.1199951171875,551.6900024414062,12285700.0
SOXX,2026-07-08,544.6599731445312,564.5,543.8699951171875,562.030029296875,7195400.0
SOXX,2026-07-09,589.5,594.989990234375,579.1400146484375,581.7000122070312,10026200.0
SOXX,2026-07-10,571.989990234375,585.7899780273438,566.6699829101562,581.3400268554688,5861000.0
SOXX,2026-07-13,563.5800170898438,566.6500244140625,550.260009765625,553.6099853515625,8307000.0
SOXX,2026-07-14,580.510009765625,580.6699829101562,560.239990234375,567.9199829101562,7372300.0
SOXX,2026-07-15,575.1199951171875,575.8800048828125,538.530029296875,555.27001953125,10199600.0
SOXX,2026-07-16,539.0499877929688,545.5499877929688,525.4299926757812,530.5,10343300.0
SOXX,2026-07-17,508.54998779296875,533.1900024414062,498.5400085449219,521.8099975585938,15576800.0
SOXX,2026-07-20,534.0,539.5399780273438,522.8400268554688,524.1400146484375,6533100.0
SOXX,2026-07-21,549.0999755859375,555.1599731445312,540.1500244140625,552.6900024414062,10079700.0
SOXX,2026-07-22,538.75,561.1799926757812,538.719970703125,555.52001953125,6268400.0
SOXX,2026-07-23,545.5,558.0900268554688,543.7899780273438,551.239990234375,6689500.0
SOXX,2026-07-24,544.3599853515625,548.0,522.2100219726562,527.010009765625,10952000.0
SOXX,2026-07-27,532.6400146484375,534.3099975585938,500.0,516.22998046875,13472800.0
SOXX,2026-07-28,496.739990234375,498.4800109863281,480.5,491.4599914550781,14904200.0
SOXX,2026-07-29,488.6499938964844,496.05999755859375,464.0799865722656,465.0,18817200.0
SOXX,2026-07-30,491.57000732421875,509.9800109863281,488.010009765625,504.5299987792969,17477800.0
SOXX,2026-07-31,527.0999755859375,532.6699829101562,501.29998779296875,504.8900146484375,13113700.0
SOXX,2026-08-03,491.9200134277344,510.95001220703125,485.7099914550781,507.67999267578125,10302000.0
SOXX,2026-08-04,529.3099975585938,545.3900146484375,526.5700073242188,542.2100219726562,10898600.0
SOXX,2026-08-05,536.4000244140625,547.5700073242188,528.8800048828125,530.7000122070312,9649300.0
SOXX,2026-08-06,522.6599731445312,542.5599975585938,516.4099731445312,532.52001953125,7654700.0
SOXX,2026-08-07,545.2000122070312,547.9000244140625,531.27001953125,543.27001953125,5262600.0
SOXX,2026-08-10,545.8499755859375,547.219970703125,529.3900146484375,529.3900146484375,8763500.0
SOXX,2026-08-11,537.9099731445312,539.0499877929688,530.0999755859375,534.2000122070312,7176100.0
SOXX,2026-08-12,553.4000244140625,554.1099853515625,546.469970703125,546.6099853515625,7723600.0
SOXX,2026-08-13,547.1400146484375,562.25,546.4000244140625,550.739990234375,5940700.0
SOXX,2026-08-14,549.5800170898438,552.8900146484375,542.9299926757812,550.4199829101562,4309800.0
SOXX,2026-08-17,557.9199829101562,566.02001953125,555.8400268554688,559.1199951171875,5745000.0
SOXX,2026-08-18,537.4199829101562,541.7000122070312,523.030029296875,531.3900146484375,9993900.0
SOXX,2026-08-19,536.260009765625,538.0,514.489990234375,519.6699829101562,8413800.0
SOXX,2026-08-20,518.3800048828125,525.4299926757812,515.260009765625,522.3499755859375,6269000.0
SOXX,2026-08-21,528.1500244140625,528.989990234375,514.6599731445312,520.0499877929688,6255600.0
SOXX,2026-08-24,511.9700012207031,512.1099853515625,498.92999267578125,506.17999267578125,7828600.0
SOXX,2026-08-25,515.9099731445312,520.0999755859375,509.6600036621094,514.0599975585938,6445900.0
SOXX,2026-08-26,512.0900268554688,516.3900146484375,509.260009765625,515.4000244140625,4322200.0
SOXX,2026-08-27,526.0599975585938,527.780029296875,517.0,525.4299926757812,9046000.0
SOXX,2026-08-28,521.2000122070312,522.6500244140625,506.82000732421875,508.6199951171875,8468500.0
SOXX,2026-08-31,509.82000732421875,514.3300170898438,507.0299987792969,511.0400085449219,6241500.0
SOXX,2026-09-01,501.42999267578125,504.7200012207031,495.0899963378906,500.30999755859375,8049500.0
SOXX,2026-09-02,498.17999267578125,504.0199890136719,493.30999755859375,501.44000244140625,5804100.0
SOXX,2026-09-03,496.6400146484375,503.32000732421875,489.2099914550781,502.20001220703125,6445600.0
SOXX,2026-09-04,509.30999755859375,520.5599975585938,507.25,519.8599853515625,9234000.0
SOXX,2026-09-08,530.5,534.280029296875,525.489990234375,528.4000244140625,8833100.0
SOXX,2026-09-09,524.8499755859375,535.47998046875,524.8499755859375,532.0,6427500.0
SOXX,2026-09-10,518.3200073242188,522.5,514.3099975585938,517.4299926757812,6651700.0
SOXX,2026-09-11,525.239990234375,531.0399780273438,521.1300048828125,527.0700073242188,5663000.0
SOXX,2026-09-14,497.1700134277344,503.17999267578125,495.1499938964844,497.3999938964844,11265500.0
SOXX,2026-09-15,502.54998779296875,504.739990234375,496.5799865722656,498.8500061035156,6014200.0
SOXX,2026-09-16,506.7099914550781,510.3699951171875,496.80999755859375,502.05999755859375,8358900.0
SOXX,2026-09-17,517.0900268554688,520.4199829101562,514.7999877929688,519.0999755859375,6790700.0
SOXX,2026-09-18,522.7100219726562,533.3200073242188,522.3800048828125,533.0700073242188,6348600.0
SOXX,2026-09-21,545.0800170898438,562.2000122070312,541.469970703125,559.3400268554688,7966100.0
SOXX,2026-09-22,553.760009765625,573.52001953125,553.3599853515625,572.780029296875,6322800.0
SOXX,2026-09-23,570.4000244140625,571.5499877929688,557.0499877929688,565.719970703125,9984400.0
SOXX,2026-09-24,554.9000244140625,566.8099975585938,553.239990234375,566.0700073242188,4925900.0
SOXX,2026-09-25,569.47998046875,575.6900024414062,567.3499755859375,572.6799926757812,4719500.0
SOXX,2026-09-28,568.7100219726562,570.8699951171875,551.9500122070312,560.7899780273438,7348500.0
SOXX,2026-09-29,569.7899780273438,574.469970703125,565.2999877929688,567.4400024414062,5098800.0
SOXX,2026-09-30,568.8099975585938,572.3200073242188,564.010009765625,567.0366821289062,1721198.0
TWDKRW=X,2026-03-24,46.568519592285156,46.95594787597656,46.53408432006836,46.5683708190918,0.0
TWDKRW=X,2026-03-25,46.84933853149414,47.03784942626953,46.62100601196289,46.84933853149414,0.0
TWDKRW=X,2026-03-26,46.980377197265625,47.285518646240234,46.980377197265625,46.980377197265625,0.0
TWDKRW=X,2026-03-27,47.217403411865234,47.29691696166992,47.02424621582031,47.217403411865234,0.0
TWDKRW=X,2026-03-30,47.17460632324219,47.516944885253906,47.09113311767578,47.10615158081055,0.0
TWDKRW=X,2026-03-31,47.36850357055664,47.83877182006836,47.34822463989258,47.29924392700195,0.0
TWDKRW=X,2026-04-01,47.199012756347656,47.35563659667969,46.90218734741211,47.04816436767578,0.0
TWDKRW=X,2026-04-02,47.22678756713867,47.64326858520508,47.039493560791016,47.22772216796875,0.0
TWDKRW=X,2026-04-03,47.2004280090332,47.30556106567383,47.05972671508789,47.23234939575195,0.0
TWDKRW=X,2026-04-06,47.23090744018555,47.246543884277344,46.94711685180664,47.19682312011719,0.0
TWDKRW=X,2026-04-07,47.17665481567383,47.32059097290039,46.79158020019531,47.186668395996094,0.0
TWDKRW=X,2026-04-08,47.00617218017578,47.01024627685547,46.146854400634766,46.981414794921875,0.0
TWDKRW=X,2026-04-09,46.64191818237305,46.733299255371094,46.3641242980957,46.559993743896484,0.0
TWDKRW=X,2026-04-10,46.41582489013672,46.759681701660156,46.41582489013672,46.41582489013672,0.0
TWDKRW=X,2026-04-13,46.63520050048828,47.07255554199219,46.63520050048828,46.635833740234375,0.0
TWDKRW=X,2026-04-14,46.69968795776367,46.904014587402344,46.495059967041016,46.65578079223633,0.0
TWDKRW=X,2026-04-15,46.657997131347656,46.7496223449707,46.49085235595703,46.600914001464844,0.0
TWDKRW=X,2026-04-16,46.5745849609375,46.88259506225586,46.55055236816406,46.643882751464844,0.0
TWDKRW=X,2026-04-17,46.90875244140625,47.012184143066406,46.32168960571289,46.80961608886719,0.0
TWDKRW=X,2026-04-20,46.53781509399414,46.931678771972656,46.53781509399414,46.53781509399414,0.0
TWDKRW=X,2026-04-21,46.74110794067383,47.00484848022461,46.669952392578125,46.74110794067383,0.0
TWDKRW=X,2026-04-22,46.929229736328125,47.0218505859375,46.7965202331543,47.17274856567383,0.0
TWDKRW=X,2026-04-23,46.91521072387695,47.066917419433594,46.796897888183594,46.94634246826172,0.0
TWDKRW=X,2026-04-24,46.94021224975586,47.125457763671875,46.880794525146484,46.89173126220703,0.0
TWDKRW=X,2026-04-27,46.882530212402344,46.96198654174805,46.690635681152344,46.882530212402344,0.0
TWDKRW=X,2026-04-28,46.802921295166016,46.83407211303711,46.58964920043945,46.805145263671875,0.0
TWDKRW=X,2026-04-29,46.693416595458984,47.024932861328125,46.61505889892578,46.69151306152344,0.0
TWDKRW=X,2026-04-30,47.006805419921875,47.027523040771484,46.54999923706055,47.006805419921875,0.0
TWDKRW=X,2026-05-01,46.674583435058594,46.74211120605469,46.403419494628906,46.674583435058594,0.0
TWDKRW=X,2026-05-04,46.530296325683594,46.668861389160156,46.34510803222656,46.530296325683594,0.0
TWDKRW=X,2026-05-05,46.596900939941406,46.743106842041016,46.4283447265625,46.596900939941406,0.0
TWDKRW=X,2026-05-06,46.70268249511719,46.70268249511719,45.84285354614258,46.70268249511719,0.0
TWDKRW=X,2026-05-07,45.98138427734375,46.373451232910156,45.98138427734375,45.98138427734375,0.0
TWDKRW=X,2026-05-08,46.32041931152344,46.851898193359375,46.32041931152344,46.32041931152344,0.0
TWDKRW=X,2026-05-11,46.663368225097656,47.014137268066406,46.663368225097656,46.63909912109375,0.0
TWDKRW=X,2026-05-12,46.995399475097656,47.34355545043945,46.995399475097656,46.97786331176758,0.0
TWDKRW=X,2026-05-13,47.380226135253906,47.52605438232422,47.14897537231445,47.383399963378906,0.0
TWDKRW=X,2026-05-14,47.162574768066406,47.37379837036133,47.122711181640625,47.2103385925293,0.0
TWDKRW=X,2026-05-15,47.30464172363281,47.703338623046875,47.30464172363281,47.310977935791016,0.0
TWDKRW=X,2026-05-18,47.434024810791016,47.65794372558594,47.241607666015625,47.38322830200195,0.0
TWDKRW=X,2026-05-19,47.274017333984375,47.72733688354492,47.274017333984375,47.243614196777344,0.0
TWDKRW=X,2026-05-20,47.54426956176758,47.76496887207031,47.28237533569336,47.50031661987305,0.0
TWDKRW=X,2026-05-21,47.43800735473633,47.853885650634766,47.34479522705078,47.458641052246094,0.0
TWDKRW=X,2026-05-22,47.66535949707031,48.303382873535156,47.66535949707031,47.63823699951172,0.0
TWDKRW=X,2026-05-25,48.09658432006836,48.20814514160156,47.849849700927734,48.09626770019531,0.0
TWDKRW=X,2026-05-26,48.11628341674805,48.15631866455078,47.7028923034668,48.14033126831055,0.0
TWDKRW=X,2026-05-27,47.86258316040039,47.93984603881836,47.550376892089844,47.86787414550781,0.0
TWDKRW=X,2026-05-28,47.823917388916016,48.00770950317383,47.5806884765625,47.72178649902344,0.0
TWDKRW=X,2026-05-29,47.56703567504883,48.071537017822266,47.56703567504883,47.53586196899414,0.0
TWDKRW=X,2026-06-01,47.94578170776367,48.450416564941406,47.90888977050781,47.9465446472168,0.0
TWDKRW=X,2026-06-02,48.20857238769531,48.353782653808594,48.1129035949707,48.18952560424805,0.0
TWDKRW=X,2026-06-03,48.18183135986328,48.83999252319336,48.139488220214844,48.158016204833984,0.0
TWDKRW=X,2026-06-04,48.5607795715332,48.845619201660156,48.29747772216797,48.53971481323242,0.0
TWDKRW=X,2026-06-05,48.673927307128906,49.3530387878418,48.611106872558594,48.62998962402344,0.0
TWDKRW=X,2026-06-08,49.17966842651367,49.24943542480469,48.378753662109375,49.18758010864258,0.0
TWDKRW=X,2026-06-09,48.423587799072266,48.52794647216797,47.922767639160156,48.37873458862305,0.0
TWDKRW=X,2026-06-10,48.34214782714844,48.34214782714844,47.92927169799805,48.35133743286133,0.0
TWDKRW=X,2026-06-11,48.138309478759766,48.45121383666992,48.05178451538086,48.1630859375,0.0
TWDKRW=X,2026-06-12,48.034751892089844,48.17182922363281,47.862327575683594,48.0439338684082,0.0
TWDKRW=X,2026-06-15,47.728912353515625,48.06254577636719,47.54489517211914,47.72732925415039,0.0
TWDKRW=X,2026-06-16,47.909698486328125,48.11221694946289,47.739105224609375,47.91716766357422,0.0
TWDKRW=X,2026-06-17,47.894954681396484,48.01248550415039,47.78380584716797,47.848087310791016,0.0
TWDKRW=X,2026-06-18,48.19071578979492,48.73630142211914,48.12413787841797,48.2024040222168,0.0
TWDKRW=X,2026-06-19,48.536529541015625,48.701236724853516,48.15371322631836,48.58304977416992,0.0
TWDKRW=X,2026-06-22,48.24699783325195,48.701873779296875,48.225555419921875,48.28293991088867,0.0
TWDKRW=X,2026-06-23,48.579898834228516,48.66197204589844,48.380950927734375,48.54520034790039,0.0
TWDKRW=X,2026-06-24,48.35371780395508,48.78350067138672,48.33416748046875,48.40419387817383,0.0
TWDKRW=X,2026-06-25,48.509254455566406,48.69591522216797,48.340606689453125,48.484745025634766,0.0
TWDKRW=X,2026-06-26,48.47386169433594,48.65702438354492,48.05643081665039,48.44321060180664,0.0
TWDKRW=X,2026-06-29,48.195030212402344,48.48514175415039,48.173057556152344,48.16740798950195,0.0
TWDKRW=X,2026-06-30,48.388221740722656,48.82601547241211,48.388221740722656,48.35591125488281,0.0
TWDKRW=X,2026-07-01,48.73603820800781,48.977935791015625,48.63753890991211,48.62116241455078,0.0
TWDKRW=X,2026-07-02,48.62642288208008,48.79594039916992,48.22232437133789,48.66404724121094,0.0
TWDKRW=X,2026-07-03,48.22903823852539,48.44456481933594,47.7769775390625,48.325138092041016,0.0
TWDKRW=X,2026-07-06,47.935386657714844,48.09160232543945,47.58686065673828,47.90814971923828,0.0
TWDKRW=X,2026-07-07,47.622982025146484,47.78860092163086,47.05354690551758,47.65605163574219,0.0
TWDKRW=X,2026-07-08,47.310340881347656,47.312828063964844,46.75091552734375,47.27334213256836,0.0
TWDKRW=X,2026-07-09,46.82200241088867,49.29182434082031,46.62820816040039,46.80083465576172,0.0
TWDKRW=X,2026-07-10,46.93339920043945,47.15031433105469,46.68959045410156,46.89665222167969,0.0
TWDKRW=X,2026-07-13,46.65676498413086,47.06454849243164,46.35734939575195,46.669219970703125,0.0
TWDKRW=X,2026-07-14,46.53852081298828,46.582191467285156,46.22275161743164,46.548465728759766,0.0
TWDKRW=X,2026-07-15,46.27872085571289,46.4031982421875,46.12176513671875,46.29116439819336,0.0
TWDKRW=X,2026-07-16,46.111358642578125,46.3106803894043,45.80356216430664,46.127349853515625,0.0
TWDKRW=X,2026-07-17,45.79707717895508,45.99230194091797,45.532989501953125,45.80794143676758,0.0
TWDKRW=X,2026-07-20,46.02016830444336,46.068138122558594,45.559425354003906,46.009342193603516,0.0
TWDKRW=X,2026-07-21,45.66814422607422,45.86161422729492,45.58648681640625,45.678672790527344,0.0
TWDKRW=X,2026-07-22,45.76308059692383,45.89372634887695,45.45056915283203,45.75436782836914,0.0
TWDKRW=X,2026-07-23,45.5567512512207,45.60566329956055,45.360355377197266,45.55242919921875,0.0
TWDKRW=X,2026-07-24,45.619544982910156,45.639801025390625,45.076995849609375,45.618309020996094,0.0
TWDKRW=X,2026-07-27,45.089107513427734,45.53805160522461,45.0671501159668,45.08787155151367,0.0
TWDKRW=X,2026-07-28,45.34269714355469,45.50613784790039,44.884796142578125,45.315467834472656,0.0
TWDKRW=X,2026-07-29,44.893123626708984,44.978675842285156,44.48939514160156,44.879844665527344,0.0
TWDKRW=X,2026-07-30,44.55179977416992,44.655555725097656,43.76085662841797,44.56477737426758,0.0
TWDKRW=X,2026-07-31,43.94353485107422,44.68217468261719,43.94353485107422,43.832149505615234,0.0
TWDKRW=X,2026-08-03,44.424461364746094,44.64514923095703,43.90113830566406,44.437774658203125,0.0
TWDKRW=X,2026-08-04,44.07392501831055,44.27421951293945,43.81232833862305,44.074851989746094,0.0
TWDKRW=X,2026-08-05,44.08563995361328,44.277442932128906,43.888694763183594,44.074222564697266,0.0
TWDKRW=X,2026-08-06,44.01280212402344,44.269744873046875,43.83778762817383,44.0186882019043,0.0
TWDKRW=X,2026-08-07,44.172080993652344,44.2065315246582,43.63951873779297,44.14511489868164,0.0
TWDKRW=X,2026-08-10,43.625911712646484,44.08250045776367,43.625911712646484,43.63118362426758,0.0
TWDKRW=X,2026-08-11,43.985347747802734,43.98596954345703,43.71671676635742,43.957435607910156,0.0
TWDKRW=X,2026-08-12,43.8249626159668,44.032005310058594,43.76478958129883,43.82372283935547,0.0
TWDKRW=X,2026-08-13,43.941200256347656,44.315155029296875,43.778987884521484,43.959598541259766,0.0
TWDKRW=X,2026-08-14,44.088043212890625,44.3111686706543,44.00555419921875,44.084930419921875,0.0
TWDKRW=X,2026-08-17,44.223751068115234,44.444583892822266,44.04059600830078,44.22343826293945,0.0
TWDKRW=X,2026-08-18,44.379974365234375,44.41604232788086,44.12587356567383,44.40594482421875,0.0
TWDKRW=X,2026-08-19,44.3099479675293,44.3099479675293,43.38679504394531,44.31339645385742,0.0
TWDKRW=X,2026-08-20,43.66195297241211,43.821258544921875,43.459720611572266,43.64064025878906,0.0
TWDKRW=X,2026-08-21,43.618839263916016,43.63298034667969,43.2813835144043,43.68006134033203,0.0
TWDKRW=X,2026-08-24,43.496559143066406,43.508705139160156,43.28154373168945,43.50252914428711,0.0
TWDKRW=X,2026-08-25,43.3790283203125,43.49028778076172,43.300926208496094,43.380775451660156,0.0
TWDKRW=X,2026-08-26,43.370018005371094,43.56488037109375,43.323768615722656,43.34288787841797,0.0
TWDKRW=X,2026-08-27,43.48400115966797,43.66717529296875,43.27186965942383,43.48219680786133,0.0
TWDKRW=X,2026-08-28,43.591182708740234,43.633758544921875,43.3524169921875,43.58179473876953,0.0
TWDKRW=X,2026-08-31,43.52043151855469,43.565086364746094,43.06343078613281,43.52264404296875,0.0
TWDKRW=X,2026-09-01,43.11244583129883,43.396297454833984,43.017879486083984,43.114341735839844,0.0
TWDKRW=X,2026-09-02,43.30257797241211,43.34234619140625,42.73076248168945,43.3025016784668,0.0
TWDKRW=X,2026-09-03,42.79701232910156,42.93027877807617,42.652130126953125,42.79507827758789,0.0
TWDKRW=X,2026-09-04,42.755348205566406,42.859893798828125,42.488529205322266,42.75004577636719,0.0
TWDKRW=X,2026-09-07,42.51801681518555,42.76374435424805,42.21210479736328,42.51896667480469,0.0
TWDKRW=X,2026-09-08,42.6260871887207,42.72121810913086,42.400394439697266,42.6267204284668,0.0
TWDKRW=X,2026-09-09,42.49244689941406,42.61576461791992,42.39494323730469,42.4986572265625,0.0
TWDKRW=X,2026-09-10,42.54262161254883,42.62485885620117,42.360923767089844,42.535072326660156,0.0
TWDKRW=X,2026-09-11,42.59666442871094,42.610347747802734,42.25792694091797,42.5972900390625,0.0
TWDKRW=X,2026-09-14,42.42218780517578,42.54766082763672,42.262596130371094,42.4234504699707,0.0
TWDKRW=X,2026-09-15,42.40591049194336,42.804908752441406,42.395294189453125,42.39457321166992,0.0
TWDKRW=X,2026-09-16,42.85700988769531,43.115020751953125,42.828704833984375,42.90713119506836,0.0
TWDKRW=X,2026-09-17,43.20838928222656,43.46384048461914,43.055362701416016,43.225582122802734,0.0
TWDKRW=X,2026-09-18,43.30880355834961,43.6900520324707,43.270511627197266,43.29252624511719,0.0
TWDKRW=X,2026-09-21,43.51544952392578,43.61053466796875,43.15104293823242,43.51482009887695,0.0
TWDKRW=X,2026-09-22,43.25878143310547,43.26152420043945,42.702274322509766,43.25300598144531,0.0
TWDKRW=X,2026-09-23,42.628055572509766,43.145042419433594,42.491268157958984,42.60518264770508,0.0
TWDKRW=X,2026-09-24,42.89837646484375,43.306156158447266,42.874481201171875,42.876548767089844,0.0
TWDKRW=X,2026-09-25,42.933326721191406,43.0069580078125,42.5866813659668,42.9996337890625,0.0
TWDKRW=X,2026-09-28,42.60777282714844,42.937538146972656,42.60777282714844,42.60547637939453,0.0
TWDKRW=X,2026-09-29,42.759559631347656,42.807586669921875,42.49842834472656,42.73278045654297,0.0
TWDKRW=X,2026-09-30,42.4010009765625,42.61899948120117,42.35599899291992,42.516998291015625,0.0
USDTWD=X,2026-03-30,31.976999282836914,32.07600021362305,31.93400001525879,31.976999282836914,0.0
USDTWD=X,2026-03-31,32.03900146484375,32.21799850463867,31.930999755859375,32.03900146484375,0.0
USDTWD=X,2026-04-01,31.93790054321289,32.00600051879883,31.8435001373291,31.93790054321289,0.0
USDTWD=X,2026-04-02,32.00199890136719,32.08000183105469,31.892000198364258,32.00199890136719,0.0
USDTWD=X,2026-04-03,31.938100814819336,31.992000579833984,31.8700008392334,31.938100814819336,0.0
USDTWD=X,2026-04-06,31.96299934387207,32.04499816894531,31.858999252319336,31.96299934387207,0.0
USDTWD=X,2026-04-07,31.913999557495117,31.986000061035156,31.893299102783203,31.913999557495117,0.0
USDTWD=X,2026-04-08,31.893999099731445,31.893999099731445,31.683300018310547,31.893999099731445,0.0
USDTWD=X,2026-04-09,31.720399856567383,31.847999572753906,31.711999893188477,31.720399856567383,0.0
USDTWD=X,2026-04-10,31.725799560546875,31.80299949645996,31.703500747680664,31.725799560546875,0.0
USDTWD=X,2026-04-13,31.767000198364258,31.868000030517578,31.691099166870117,31.767000198364258,0.0
USDTWD=X,2026-04-14,31.641199111938477,31.735000610351562,31.524999618530273,31.641199111938477,0.0
USDTWD=X,2026-04-15,31.517000198364258,31.655000686645508,31.517000198364258,31.517000198364258,0.0
USDTWD=X,2026-04-16,31.586999893188477,31.607999801635742,31.46969985961914,31.586999893188477,0.0
USDTWD=X,2026-04-17,31.558000564575195,31.6200008392334,31.374000549316406,31.558000564575195,0.0
USDTWD=X,2026-04-20,31.46500015258789,31.553499221801758,31.184999465942383,31.468000411987305,0.0
USDTWD=X,2026-04-21,31.41900062561035,31.482999801635742,31.384000778198242,31.41900062561035,0.0
USDTWD=X,2026-04-22,31.482200622558594,31.517000198364258,31.43600082397461,31.48200035095215,0.0
USDTWD=X,2026-04-23,31.466800689697266,31.591999053955078,31.466400146484375,31.466800689697266,0.0
USDTWD=X,2026-04-24,31.530000686645508,31.593000411987305,31.424999237060547,31.530000686645508,0.0
USDTWD=X,2026-04-27,31.440000534057617,31.507999420166016,31.382999420166016,31.440000534057617,0.0
USDTWD=X,2026-04-28,31.455699920654297,31.576000213623047,31.455699920654297,31.455699920654297,0.0
USDTWD=X,2026-04-29,31.51300048828125,31.641000747680664,31.511999130249023,31.51300048828125,0.0
USDTWD=X,2026-04-30,31.62649917602539,31.74799919128418,31.569000244140625,31.62649917602539,0.0
USDTWD=X,2026-05-01,31.569000244140625,31.690000534057617,31.506999969482422,31.569000244140625,0.0
USDTWD=X,2026-05-04,31.63599967956543,31.665000915527344,31.518800735473633,31.554000854492188,0.0
USDTWD=X,2026-05-05,31.597999572753906,31.691299438476562,31.548799514770508,31.597999572753906,0.0
USDTWD=X,2026-05-06,31.545000076293945,31.56800079345703,31.356000900268555,31.545000076293945,0.0
USDTWD=X,2026-05-07,31.398500442504883,31.43199920654297,31.297000885009766,31.398500442504883,0.0
USDTWD=X,2026-05-08,31.392099380493164,31.459999084472656,31.302499771118164,31.392099380493164,0.0
USDTWD=X,2026-05-11,31.301000595092773,31.420000076293945,31.301000595092773,31.301000595092773,0.0
USDTWD=X,2026-05-12,31.3518009185791,31.606000900268555,31.351499557495117,31.3518009185791,0.0
USDTWD=X,2026-05-13,31.500600814819336,31.611000061035156,31.492700576782227,31.501100540161133,0.0
USDTWD=X,2026-05-14,31.54949951171875,31.573999404907227,31.489200592041016,31.55900001525879,0.0
USDTWD=X,2026-05-15,31.564199447631836,31.624000549316406,31.481800079345703,31.56439971923828,0.0
USDTWD=X,2026-05-18,31.586999893188477,31.64699935913086,31.506999969482422,31.586999893188477,0.0
USDTWD=X,2026-05-19,31.557100296020508,31.775999069213867,31.555999755859375,31.554100036621094,0.0
USDTWD=X,2026-05-20,31.72909927368164,31.72909927368164,31.499000549316406,31.72920036315918,0.0
USDTWD=X,2026-05-21,31.586700439453125,31.6299991607666,31.490999221801758,31.59119987487793,0.0
USDTWD=X,2026-05-22,31.550899505615234,31.563400268554688,31.40399932861328,31.550800323486328,0.0
USDTWD=X,2026-05-25,31.43899917602539,31.506500244140625,31.31399917602539,31.43899917602539,0.0
USDTWD=X,2026-05-26,31.449399948120117,31.51799964904785,31.387500762939453,31.448400497436523,0.0
USDTWD=X,2026-05-27,31.448299407958984,31.45400047302246,31.350000381469727,31.445899963378906,0.0
USDTWD=X,2026-05-28,31.465900421142578,31.51300048828125,31.34429931640625,31.465900421142578,0.0
USDTWD=X,2026-05-29,31.423999786376953,31.434999465942383,31.319000244140625,31.423999786376953,0.0
USDTWD=X,2026-06-01,31.412799835205078,31.447999954223633,31.275800704956055,31.412900924682617,0.0
USDTWD=X,2026-06-02,31.33009910583496,31.493999481201172,31.312999725341797,31.33049964904785,0.0
USDTWD=X,2026-06-03,31.47800064086914,31.479000091552734,31.3705997467041,31.478200912475586,0.0
USDTWD=X,2026-06-04,31.505699157714844,31.562999725341797,31.427600860595703,31.50550079345703,0.0
USDTWD=X,2026-06-05,31.502899169921875,31.601999282836914,31.44729995727539,31.503000259399414,0.0
USDTWD=X,2026-06-08,31.58810043334961,31.64699935913086,31.476699829101562,31.58810043334961,0.0
USDTWD=X,2026-06-09,31.580900192260742,31.639999389648438,31.436500549316406,31.582000732421875,0.0
USDTWD=X,2026-06-10,31.540800094604492,31.68400001525879,31.540800094604492,31.5408992767334,0.0
USDTWD=X,2026-06-11,31.649900436401367,31.764999389648438,31.595399856567383,31.649799346923828,0.0
USDTWD=X,2026-06-12,31.58639907836914,31.67300033569336,31.542999267578125,31.57900047302246,0.0
USDTWD=X,2026-06-15,31.613000869750977,31.617000579833984,31.48240089416504,31.613000869750977,0.0
USDTWD=X,2026-06-16,31.518699645996094,31.59600067138672,31.46500015258789,31.518600463867188,0.0
USDTWD=X,2026-06-17,31.563899993896484,31.613000869750977,31.530899047851562,31.563899993896484,0.0
USDTWD=X,2026-06-18,31.6387996673584,31.650999069213867,31.53420066833496,31.638399124145508,0.0
USDTWD=X,2026-06-19,31.635799407958984,31.69700050354004,31.579200744628906,31.635900497436523,0.0
USDTWD=X,2026-06-22,31.70199966430664,31.70199966430664,31.58489990234375,31.70199966430664,0.0
USDTWD=X,2026-06-23,31.68709945678711,31.68709945678711,31.581499099731445,31.687000274658203,0.0
USDTWD=X,2026-06-24,31.701900482177734,31.77199935913086,31.641300201416016,31.70210075378418,0.0
USDTWD=X,2026-06-25,31.807899475097656,31.871000289916992,31.76580047607422,31.808000564575195,0.0
USDTWD=X,2026-06-26,31.86949920654297,31.905000686645508,31.790800094604492,31.860000610351562,0.0
USDTWD=X,2026-06-29,31.847000122070312,31.9060001373291,31.817899703979492,31.847000122070312,0.0
USDTWD=X,2026-06-30,31.86590003967285,31.895000457763672,31.79319953918457,31.86590003967285,0.0
USDTWD=X,2026-07-01,31.833099365234375,31.947999954223633,31.792400360107422,31.834400177001953,0.0
USDTWD=X,2026-07-02,31.895299911499023,31.957000732421875,31.823999404907227,31.894800186157227,0.0
USDTWD=X,2026-07-03,31.930999755859375,31.961999893188477,31.86750030517578,31.93090057373047,0.0
USDTWD=X,2026-07-06,31.92799949645996,32.125999450683594,31.917600631713867,31.92799949645996,0.0
USDTWD=X,2026-07-07,32.054500579833984,32.15599822998047,32.00360107421875,32.054901123046875,0.0
USDTWD=X,2026-07-08,32.13589859008789,32.183998107910156,31.95789909362793,32.13589859008789,0.0
USDTWD=X,2026-07-09,32.109100341796875,32.22600173950195,32.038700103759766,32.10919952392578,0.0
USDTWD=X,2026-07-10,32.09709930419922,32.17679977416992,32.03850173950195,32.097198486328125,0.0
USDTWD=X,2026-07-13,32.09939956665039,32.16999816894531,32.034698486328125,32.099098205566406,0.0
USDTWD=X,2026-07-14,32.1619987487793,32.21799850463867,32.06399917602539,32.1619987487793,0.0
USDTWD=X,2026-07-15,32.1338996887207,32.233001708984375,32.11330032348633,32.1338996887207,0.0
USDTWD=X,2026-07-16,32.210899353027344,32.27000045776367,32.117801666259766,32.210899353027344,0.0
USDTWD=X,2026-07-17,32.263999938964844,32.422000885009766,32.231998443603516,32.26430130004883,0.0
USDTWD=X,2026-07-20,32.3130989074707,32.43299865722656,32.261600494384766,32.3129997253418,0.0
USDTWD=X,2026-07-21,32.275901794433594,32.37200164794922,32.23189926147461,32.275901794433594,0.0
USDTWD=X,2026-07-22,32.32569885253906,32.487998962402344,32.28300094604492,32.325401306152344,0.0
USDTWD=X,2026-07-23,32.37910079956055,32.37910079956055,32.24250030517578,32.37910079956055,0.0
USDTWD=X,2026-07-24,32.29890060424805,32.38199996948242,32.293800354003906,32.29899978637695,0.0
USDTWD=X,2026-07-27,32.32229995727539,32.40399932861328,32.28139877319336,32.32229995727539,0.0
USDTWD=X,2026-07-28,32.301998138427734,32.433998107910156,32.29679870605469,32.301998138427734,0.0
USDTWD=X,2026-07-29,32.363800048828125,32.51499938964844,32.363800048828125,32.363800048828125,0.0
USDTWD=X,2026-07-30,32.348899841308594,32.551998138427734,32.31999969482422,32.348899841308594,0.0
USDTWD=X,2026-07-31,32.39500045776367,32.479000091552734,32.20600128173828,32.39500045776367,0.0
USDTWD=X,2026-08-03,32.29330062866211,32.49100112915039,32.21200180053711,32.29309844970703,0.0
USDTWD=X,2026-08-04,32.395999908447266,32.45000076293945,32.33420181274414,32.395999908447266,0.0
USDTWD=X,2026-08-05,32.39509963989258,32.39509963989258,32.12300109863281,32.39509963989258,0.0
USDTWD=X,2026-08-06,32.264801025390625,32.305999755859375,32.17789840698242,32.264801025390625,0.0
USDTWD=X,2026-08-07,32.204898834228516,32.308998107910156,32.143001556396484,32.2067985534668,0.0
USDTWD=X,2026-08-10,32.23509979248047,32.27349853515625,32.17279815673828,32.23509979248047,0.0
USDTWD=X,2026-08-11,32.22710037231445,32.29199981689453,32.18949890136719,32.22710037231445,0.0
USDTWD=X,2026-08-12,32.20909881591797,32.249000549316406,32.156700134277344,32.20909881591797,0.0
USDTWD=X,2026-08-13,32.202999114990234,32.20500183105469,32.06420135498047,32.202301025390625,0.0
USDTWD=X,2026-08-14,32.12409973144531,32.13209915161133,31.92300033569336,32.12409973144531,0.0
USDTWD=X,2026-08-17,31.98979949951172,32.00790023803711,31.753999710083008,31.99020004272461,0.0
USDTWD=X,2026-08-18,31.85099983215332,31.929000854492188,31.760799407958984,31.850299835205078,0.0
USDTWD=X,2026-08-19,31.881900787353516,31.990999221801758,31.819000244140625,31.881900787353516,0.0
USDTWD=X,2026-08-20,31.808700561523438,31.93600082397461,31.798599243164062,31.815099716186523,0.0
USDTWD=X,2026-08-21,31.835899353027344,31.891000747680664,31.77079963684082,31.838300704956055,0.0
USDTWD=X,2026-08-24,31.82200050354004,31.864999771118164,31.761999130249023,31.82200050354004,0.0
USDTWD=X,2026-08-25,31.810199737548828,31.909000396728516,31.80590057373047,31.812000274658203,0.0
USDTWD=X,2026-08-26,31.84160041809082,31.884000778198242,31.774200439453125,31.841899871826172,0.0
USDTWD=X,2026-08-27,31.80590057373047,31.812999725341797,31.657400131225586,31.80590057373047,0.0
USDTWD=X,2026-08-28,31.660900115966797,31.66699981689453,31.55229949951172,31.660900115966797,0.0
USDTWD=X,2026-08-31,31.625999450683594,31.729000091552734,31.60849952697754,31.625999450683594,0.0
USDTWD=X,2026-09-01,31.684200286865234,31.72599983215332,31.589500427246094,31.687999725341797,0.0
USDTWD=X,2026-09-02,31.674100875854492,31.798999786376953,31.669200897216797,31.674999237060547,0.0
USDTWD=X,2026-09-03,31.724700927734375,31.773000717163086,31.65049934387207,31.726200103759766,0.0
USDTWD=X,2026-09-04,31.688100814819336,31.736000061035156,31.582300186157227,31.69540023803711,0.0
USDTWD=X,2026-09-07,31.621000289916992,31.643999099731445,31.488300323486328,31.621000289916992,0.0
USDTWD=X,2026-09-08,31.504899978637695,31.548999786376953,31.429000854492188,31.504899978637695,0.0
USDTWD=X,2026-09-09,31.498600006103516,31.50200080871582,31.416200637817383,31.49920082092285,0.0
USDTWD=X,2026-09-10,31.466999053955078,31.694000244140625,31.452299118041992,31.464000701904297,0.0
USDTWD=X,2026-09-11,31.63559913635254,31.687999725341797,31.57469940185547,31.635000228881836,0.0
USDTWD=X,2026-09-14,31.67620086669922,31.874000549316406,31.61400032043457,31.67620086669922,0.0
USDTWD=X,2026-09-15,31.715599060058594,31.913000106811523,31.69379997253418,31.717599868774414,0.0
USDTWD=X,2026-09-16,31.764799118041992,31.902999877929688,31.724199295043945,31.773399353027344,0.0
USDTWD=X,2026-09-17,31.863300323486328,31.93600082397461,31.826799392700195,31.859600067138672,0.0
USDTWD=X,2026-09-18,31.851499557495117,31.854999542236328,31.763700485229492,31.85110092163086,0.0
USDTWD=X,2026-09-21,31.809200286865234,31.855199813842773,31.696699142456055,31.809099197387695,0.0
USDTWD=X,2026-09-22,31.744400024414062,31.744400024414062,31.597999572753906,31.738399505615234,0.0
USDTWD=X,2026-09-23,31.67609977722168,31.785999298095703,31.635000228881836,31.679500579833984,0.0
USDTWD=X,2026-09-24,31.790199279785156,31.86400032043457,31.732999801635742,31.789499282836914,0.0
USDTWD=X,2026-09-25,31.805999755859375,31.826400756835938,31.70669937133789,31.80620002746582,0.0
USDTWD=X,2026-09-28,31.77899932861328,31.81800079345703,31.72800064086914,31.77869987487793,0.0
USDTWD=X,2026-09-29,31.781200408935547,31.90399932861328,31.770599365234375,31.78219985961914,0.0
USDTWD=X,2026-09-30,31.849000930786133,31.89900016784668,31.804000854492188,31.840999603271484,0.0
VOO,2026-03-30,588.3900146484375,588.6699829101562,578.4600219726562,580.9299926757812,11839200.0
VOO,2026-03-31,587.3499755859375,598.8499755859375,586.5,597.5499877929688,12447300.0
VOO,2026-04-01,601.0599975585938,605.3499755859375,600.27001953125,602.2999877929688,11332500.0
VOO,2026-04-02,594.22998046875,604.7899780273438,593.030029296875,602.989990234375,12780100.0
VOO,2026-04-06,602.9199829101562,606.4400024414062,602.6099853515625,605.6699829101562,6316800.0
VOO,2026-04-07,603.5800170898438,606.3099975585938,598.5,606.0399780273438,6690000.0
VOO,2026-04-08,621.7999877929688,622.489990234375,617.2999877929688,621.3400268554688,9805100.0
VOO,2026-04-09,620.3400268554688,626.1699829101562,619.4000244140625,625.02001953125,5498300.0
VOO,2026-04-10,626.3300170898438,626.989990234375,623.719970703125,624.5999755859375,4609400.0
VOO,2026-04-13,622.75,630.9000244140625,621.97998046875,630.719970703125,5158400.0
VOO,2026-04-14,632.22998046875,638.52001953125,632.219970703125,638.3499755859375,5042900.0
VOO,2026-04-15,639.1900024414062,643.7899780273438,638.22998046875,643.4500122070312,5165600.0
VOO,2026-04-16,644.510009765625,646.0700073242188,642.1500244140625,644.8599853515625,5882400.0
VOO,2026-04-17,649.1799926757812,654.8800048828125,648.8599853515625,652.780029296875,7815300.0
VOO,2026-04-20,651.6199951171875,652.5999755859375,649.1699829101562,651.5399780273438,6384100.0
VOO,2026-04-21,652.9400024414062,653.8599853515625,645.9400024414062,647.25,8514900.0
VOO,2026-04-22,651.97998046875,654.1900024414062,651.0900268554688,653.9000244140625,4537200.0
VOO,2026-04-23,652.22998046875,654.9000244140625,645.6599731445312,651.260009765625,6519500.0
VOO,2026-04-24,653.4000244140625,656.8200073242188,651.8200073242188,656.4199829101562,4793800.0
VOO,2026-04-27,655.6699829101562,657.9000244140625,654.8400268554688,657.5,5319200.0
VOO,2026-04-28,654.4099731445312,655.3900146484375,652.010009765625,654.260009765625,5527100.0
VOO,2026-04-29,653.6199951171875,654.719970703125,651.260009765625,654.239990234375,6302000.0
VOO,2026-04-30,657.0,661.77001953125,653.1500244140625,660.5800170898438,5948400.0
VOO,2026-05-01,663.0900268554688,666.4199829101562,662.3800048828125,662.52001953125,5426500.0
VOO,2026-05-04,661.989990234375,663.8499755859375,657.3900146484375,660.1199951171875,5962400.0
VOO,2026-05-05,663.5800170898438,666.5499877929688,663.3300170898438,665.2999877929688,5052600.0
VOO,2026-05-06,669.4500122070312,675.3400268554688,669.1500244140625,674.6599731445312,6441500.0
VOO,2026-05-07,675.8200073242188,676.760009765625,670.9199829101562,672.5399780273438,6260300.0
VOO,2026-05-08,675.7000122070312,678.530029296875,675.3699951171875,678.0399780273438,4348100.0
VOO,2026-05-11,677.0800170898438,681.0599975585938,677.0800170898438,679.52001953125,5693400.0
VOO,2026-05-12,677.469970703125,679.260009765625,672.7999877929688,678.6699829101562,6073400.0
VOO,2026-05-13,678.9000244140625,683.9099731445312,676.2000122070312,682.4099731445312,4918000.0
VOO,2026-05-14,683.739990234375,689.0999755859375,683.6599731445312,687.72998046875,5370000.0
VOO,2026-05-15,682.0399780273438,683.52001953125,678.4400024414062,679.4400024414062,6448500.0
VOO,2026-05-18,680.1799926757812,681.6099853515625,674.25,678.9099731445312,7585400.0
VOO,2026-05-19,675.5599975585938,678.1500244140625,672.5499877929688,674.5900268554688,5664200.0
VOO,2026-05-20,676.3200073242188,682.0,674.739990234375,681.5700073242188,5506800.0
VOO,2026-05-21,679.0800170898438,684.8300170898438,677.6199951171875,682.8400268554688,7335400.0
VOO,2026-05-22,686.0999755859375,688.5800170898438,684.47998046875,685.5499877929688,4319800.0
VOO,2026-05-26,689.6500244140625,691.510009765625,688.0800170898438,690.010009765625,6633800.0
VOO,2026-05-27,690.3599853515625,690.780029296875,687.9199829101562,689.9600219726562,7386500.0
VOO,2026-05-28,689.760009765625,694.2899780273438,688.8499755859375,693.9099731445312,8477100.0
VOO,2026-05-29,695.0,697.0,693.8900146484375,695.489990234375,5080400.0
VOO,2026-06-01,694.5399780273438,699.0599975585938,693.9400024414062,697.2999877929688,10051200.0
VOO,2026-06-02,696.0599975585938,699.1500244140625,695.780029296875,698.260009765625,4750700.0
VOO,2026-06-03,697.0800170898438,697.6500244140625,692.8499755859375,693.3599853515625,5970400.0
VOO,2026-06-04,691.489990234375,697.2000122070312,690.9000244140625,696.0599975585938,6630000.0
VOO,2026-06-05,691.7100219726562,692.1799926757812,676.25,678.0,10846500.0
VOO,2026-06-08,683.469970703125,685.2899780273438,678.7000122070312,679.6799926757812,8867200.0
VOO,2026-06-09,683.7100219726562,686.760009765625,664.3200073242188,677.7000122070312,16197200.0
VOO,2026-06-10,674.3200073242188,678.8800048828125,666.8800048828125,667.0499877929688,16472700.0
VOO,2026-06-11,670.0999755859375,680.3800048828125,666.0,678.22998046875,19974200.0
VOO,2026-06-12,681.0800170898438,684.4400024414062,675.8099975585938,681.9500122070312,6328000.0
VOO,2026-06-15,691.2999877929688,695.75,691.260009765625,693.8300170898438,14068900.0
VOO,2026-06-16,693.8300170898438,694.5700073242188,689.4400024414062,689.75,13324100.0
VOO,2026-06-17,690.760009765625,691.530029296875,679.6400146484375,681.4099731445312,15029600.0
VOO,2026-06-18,689.2999877929688,689.7000122070312,685.7000122070312,688.1099853515625,17747900.0
VOO,2026-06-22,689.1699829101562,691.5,685.0,686.0999755859375,13367200.0
VOO,2026-06-23,676.3599853515625,681.72998046875,675.02001953125,676.3400268554688,17581700.0
VOO,2026-06-24,677.6799926757812,682.0700073242188,673.6799926757812,675.6900024414062,9677000.0
VOO,2026-06-25,681.1400146484375,681.5399780273438,672.5800170898438,675.7100219726562,26266500.0
VOO,2026-06-26,669.9600219726562,676.9600219726562,668.0999755859375,670.260009765625,6007600.0
VOO,2026-06-29,677.010009765625,681.5700073242188,672.9299926757812,681.010009765625,5703800.0
VOO,2026-06-30,681.3200073242188,687.530029296875,680.989990234375,686.8099975585938,9892400.0
VOO,2026-07-01,684.72998046875,688.8300170898438,682.2999877929688,685.4600219726562,8659300.0
VOO,2026-07-02,686.97998046875,690.5,680.219970703125,684.8400268554688,6994700.0
VOO,2026-07-06,688.1099853515625,691.5800170898438,687.0,690.6199951171875,5610000.0
VOO,2026-07-07,689.5800170898438,690.239990234375,684.989990234375,687.0800170898438,4847400.0
VOO,2026-07-08,683.0999755859375,685.8400268554688,679.72998046875,685.260009765625,4839800.0
VOO,2026-07-09,686.9500122070312,691.1900024414062,685.2899780273438,690.6900024414062,6423900.0
VOO,2026-07-10,691.25,694.3300170898438,687.6300048828125,693.8599853515625,5326400.0
VOO,2026-07-13,691.5999755859375,692.9600219726562,687.5399780273438,688.5,6637600.0
VOO,2026-07-14,690.2100219726562,692.4000244140625,688.2000122070312,691.0999755859375,4610200.0
VOO,2026-07-15,693.27001953125,694.5,689.5800170898438,693.7999877929688,4132800.0
VOO,2026-07-16,691.97998046875,693.5499877929688,687.4299926757812,690.1400146484375,4764000.0
VOO,2026-07-17,682.1199951171875,686.8699951171875,680.9199829101562,683.1699829101562,5679300.0
VOO,2026-07-20,686.6699829101562,688.2000122070312,681.5700073242188,682.2100219726562,5360300.0
VOO,2026-07-21,685.9500122070312,688.489990234375,684.030029296875,687.8699951171875,4075500.0
VOO,2026-07-22,686.2899780273438,689.4000244140625,686.02001953125,687.030029296875,3418300.0
VOO,2026-07-23,679.5499877929688,682.5499877929688,675.760009765625,678.6099853515625,4983100.0
VOO,2026-07-24,678.7999877929688,683.5499877929688,677.7000122070312,679.1400146484375,6311600.0
VOO,2026-07-27,684.6900024414062,685.239990234375,676.4000244140625,679.3099975585938,5232200.0
VOO,2026-07-28,679.4500122070312,682.760009765625,676.47998046875,680.9600219726562,5090000.0
VOO,2026-07-29,680.1199951171875,682.6300048828125,670.1599731445312,670.6300048828125,7970700.0
VOO,2026-07-30,676.5399780273438,682.4400024414062,675.2100219726562,681.7899780273438,6094800.0
VOO,2026-07-31,684.5,688.3499755859375,678.0599975585938,686.6500244140625,7715400.0
VOO,2026-08-03,688.8300170898438,697.3099975585938,688.6099853515625,696.4000244140625,7283200.0
VOO,2026-08-04,699.1599731445312,710.9099731445312,699.0700073242188,708.97998046875,6566400.0
VOO,2026-08-05,713.1400146484375,714.1599731445312,707.3200073242188,707.5999755859375,5225700.0
VOO,2026-08-06,707.9299926757812,709.4600219726562,705.4299926757812,706.4000244140625,4668700.0
VOO,2026-08-07,708.72998046875,711.3699951171875,707.4400024414062,710.7100219726562,4653100.0
VOO,2026-08-10,710.3099975585938,712.4400024414062,709.5,710.6500244140625,6689300.0
VOO,2026-08-11,711.9600219726562,712.0,707.0,708.4199829101562,5169300.0
VOO,2026-08-12,712.1199951171875,712.260009765625,708.9299926757812,710.1699829101562,4919100.0
VOO,2026-08-13,712.2999877929688,716.3900146484375,711.6099853515625,714.9500122070312,4590000.0
VOO,2026-08-14,715.6300048828125,715.8900146484375,712.7999877929688,713.6099853515625,4236400.0
VOO,2026-08-17,713.5,714.0499877929688,710.0999755859375,710.27001953125,5745000.0
VOO,2026-08-18,706.6099853515625,707.3499755859375,704.9600219726562,705.4000244140625,5278600.0
VOO,2026-08-19,708.1900024414062,710.0999755859375,706.0999755859375,706.9099731445312,7021800.0
VOO,2026-08-20,704.0499877929688,706.0800170898438,700.469970703125,701.010009765625,8458600.0
VOO,2026-08-21,704.0700073242188,705.7999877929688,702.4400024414062,703.7100219726562,10712800.0
VOO,2026-08-24,702.969970703125,703.3900146484375,700.530029296875,701.8300170898438,7727600.0
VOO,2026-08-25,704.2899780273438,704.8400268554688,701.4500122070312,704.02001953125,4315600.0
VOO,2026-08-26,702.9000244140625,705.3200073242188,702.22998046875,704.2000122070312,7157800.0
VOO,2026-08-27,706.3900146484375,709.9600219726562,705.2100219726562,708.75,6745700.0
VOO,2026-08-28,709.3900146484375,712.6699829101562,706.260009765625,707.239990234375,8084500.0
VOO,2026-08-31,705.3599853515625,705.9400024414062,702.9600219726562,704.8900146484375,5733400.0
VOO,2026-09-01,700.4500122070312,702.9099731445312,698.1400146484375,700.280029296875,6486900.0
VOO,2026-09-02,700.8499755859375,704.530029296875,700.1799926757812,703.4099731445312,7742300.0
VOO,2026-09-03,705.8200073242188,711.52001953125,705.510009765625,710.719970703125,8585400.0
VOO,2026-09-04,709.719970703125,710.4500122070312,706.9000244140625,708.010009765625,6806600.0
VOO,2026-09-08,706.97998046875,707.510009765625,703.3699951171875,704.0700073242188,7827600.0
VOO,2026-09-09,702.3499755859375,702.7100219726562,699.489990234375,700.8699951171875,4293300.0
VOO,2026-09-10,696.780029296875,698.6400146484375,695.5399780273438,696.6500244140625,18313400.0
VOO,2026-09-11,703.0,704.5,701.9299926757812,702.5599975585938,5792000.0
VOO,2026-09-14,697.780029296875,701.8499755859375,696.719970703125,699.2999877929688,6801300.0
VOO,2026-09-15,698.77001953125,698.9400024414062,695.0900268554688,696.2000122070312,9657900.0
VOO,2026-09-16,698.1699829101562,700.0999755859375,689.0399780273438,693.239990234375,14168400.0
VOO,2026-09-17,701.5999755859375,701.8800048828125,698.6099853515625,701.030029296875,9903400.0
VOO,2026-09-18,701.5800170898438,702.1900024414062,698.5,701.780029296875,9586400.0
VOO,2026-09-21,706.1900024414062,714.0800170898438,705.9600219726562,712.780029296875,8859800.0
VOO,2026-09-22,713.280029296875,714.2999877929688,711.97998046875,712.780029296875,20719800.0
VOO,2026-09-23,712.1400146484375,712.3800048828125,706.3599853515625,707.5999755859375,13808900.0
VOO,2026-09-24,704.0700073242188,708.5900268554688,703.3499755859375,706.989990234375,9419700.0
VOO,2026-09-25,708.4400024414062,711.6500244140625,706.1799926757812,710.7899780273438,5462300.0
VOO,2026-09-28,706.2899780273438,707.3300170898438,701.969970703125,703.6099853515625,8539400.0
VOO,2026-09-29,704.8200073242188,705.0,700.739990234375,702.4600219726562,7629000.0
VOO,2026-09-30,704.5800170898438,707.1900024414062,704.1610717773438,706.489990234375,2467224.0
